id,dt,valor,produto,cliente_id,canal
1,2025-04-13,438.93,Webcam,1191,app
2,2025-12-15,265.47,Cadeira,1078,site
3,2025-09-28,212.46,Teclado,1077,marketplace
4,2025-04-17,217.95,Monitor,1146,app
5,2025-03-13,366.87,Headset,1106,site
6,2025-07-08,211.03,Monitor,1125,app
7,2025-01-21,410.32,Webcam,1014,app
8,2025-04-13,285.74,Headset,1133,marketplace
9,2025-05-02,770.47,Cadeira,1072,marketplace
10,2025-08-03,201.88,Notebook,1100,app
11,2025-11-27,459.24,Mouse,1097,site
12,2025-03-29,93.1,Monitor,1165,marketplace
13,2025-04-10,136.51,Monitor,1025,app
14,2025-12-26,707.16,Mouse,1091,loja
15,2025-06-01,399.07,Monitor,1124,loja
16,2025-05-11,315.49,Monitor,1178,marketplace
17,2025-05-30,894.26,Headset,1072,site
18,2025-11-05,214.69,Headset,1122,loja
19,2025-09-15,458.54,Mouse,1052,loja
20,2025-12-10,480.42,Webcam,1183,loja
21,2025-10-21,612.7,Notebook,1186,site
22,2025-07-11,83.72,Cadeira,1197,site
23,2025-10-04,213.65,Cadeira,1077,marketplace
24,2025-06-10,282.34,Webcam,1091,marketplace
25,2025-11-10,606.4,Monitor,1185,loja
26,2025-01-22,306.89,Notebook,1087,site
27,2025-09-10,481.08,Mouse,1012,app
28,2025-08-24,76.99,Webcam,1042,loja
29,2025-12-11,178.67,Mouse,1075,marketplace
30,2025-02-18,533.72,Headset,1050,site
31,2025-02-28,196.81,Monitor,1018,marketplace
32,2025-06-19,226.56,Teclado,1148,marketplace
33,2025-07-07,600.31,Mouse,1121,site
34,2025-09-28,111.86,Webcam,1023,loja
35,2025-07-09,134.72,Monitor,1025,site
36,2025-06-24,69.57,Notebook,1172,loja
37,2025-02-20,615.46,Webcam,1155,marketplace
38,2025-12-30,433.7,Headset,1119,site
39,2025-02-24,426.59,Cadeira,1081,app
40,2025-09-01,174.85,Notebook,1099,loja
41,2025-11-16,64.69,Mouse,1156,app
42,2025-05-11,48.04,Mouse,1016,loja
43,2025-11-03,536.23,Notebook,1067,site
44,2025-05-15,329.76,Mouse,1043,app
45,2025-01-21,372.89,Webcam,1060,site
46,2025-11-25,273.34,Monitor,1122,loja
47,2025-06-16,121.73,Mouse,1092,loja
48,2025-10-01,181.06,Headset,1195,loja
49,2025-03-30,97.87,Monitor,1073,loja
50,2025-11-12,87.41,Webcam,1152,marketplace
51,2025-01-14,410.81,Teclado,1066,loja
52,2025-08-30,52.57,Mouse,1110,app
53,2025-09-22,98.45,Mouse,1001,loja
54,2025-12-12,189.15,Headset,1088,site
55,2025-02-22,241.72,Webcam,1176,marketplace
56,2025-12-06,68.75,Headset,1197,app
57,2025-04-02,304.26,Cadeira,1025,marketplace
58,2025-09-21,262.75,Webcam,1199,marketplace
59,2025-02-04,530.35,Notebook,1098,marketplace
60,2025-07-25,244.66,Notebook,1026,site
61,2025-03-22,325.4,Notebook,1088,marketplace
62,2025-02-19,127.49,Headset,1145,marketplace
63,2025-12-26,131.95,Notebook,1181,loja
64,2025-01-02,75.69,Webcam,1000,site
65,2025-02-23,128.52,Notebook,1188,app
66,2025-04-16,179.04,Teclado,1102,app
67,2025-09-17,497.16,Notebook,1130,app
68,2025-11-06,113.06,Mouse,1195,site
69,2025-07-10,791.88,Cadeira,1040,app
70,2025-08-06,344.8,Headset,1164,site
71,2025-02-13,298.92,Monitor,1050,loja
72,2025-06-11,231.26,Cadeira,1014,loja
73,2025-07-21,200.75,Teclado,1007,site
74,2025-09-27,144.47,Headset,1037,app
75,2025-12-17,66.11,Webcam,1113,site
76,2025-10-31,116.38,Headset,1082,site
77,2025-09-28,614.53,Mouse,1055,marketplace
78,2025-08-03,330.83,Webcam,1174,site
79,2025-09-09,611.09,Cadeira,1102,marketplace
80,2025-07-09,141.53,Cadeira,1137,loja
81,2025-10-23,95.42,Notebook,1101,marketplace
82,2025-08-01,229.63,Webcam,1077,site
83,2025-07-27,119.99,Mouse,1176,loja
84,2025-08-25,264.56,Notebook,1168,marketplace
85,2025-12-04,53.49,Notebook,1082,site
86,2025-02-22,30.34,Headset,1029,loja
87,2025-10-07,291.09,Cadeira,1004,marketplace
88,2025-08-05,625.34,Notebook,1118,site
89,2025-09-09,299.96,Teclado,1198,site
90,2025-07-07,328.57,Teclado,1030,app
91,2025-02-10,236.69,Cadeira,1179,app
92,2025-06-06,252.93,Teclado,1022,marketplace
93,2025-01-15,62.97,Headset,1047,marketplace
94,2025-10-28,123.75,Mouse,1108,marketplace
95,2025-03-06,493.92,Monitor,1039,site
96,2025-12-11,176.03,Notebook,1005,marketplace
97,2025-11-23,487.56,Monitor,1037,site
98,2025-01-09,248.05,Mouse,1168,marketplace
99,2025-12-10,256.99,Mouse,1099,site
100,2025-05-09,177.05,Headset,1026,site
101,2025-05-16,361.31,Teclado,1068,app
102,2025-03-04,420.31,Teclado,1056,loja
103,2025-05-19,118.27,Mouse,1016,site
104,2025-03-22,68.96,Headset,1070,marketplace
105,2025-06-12,37.68,Headset,1046,app
106,2025-10-16,318.03,Cadeira,1078,marketplace
107,2025-09-18,293.94,Webcam,1109,marketplace
108,2025-08-19,931.73,Notebook,1012,site
109,2025-02-10,237.69,Webcam,1138,site
110,2025-01-28,208.17,Teclado,1123,loja
111,2025-05-15,270.76,Mouse,1108,site
112,2025-07-20,280.99,Cadeira,1089,site
113,2025-11-24,196.52,Monitor,1085,loja
114,2025-09-25,121.54,Teclado,1091,marketplace
115,2025-02-02,228.65,Notebook,1023,loja
116,2025-02-17,222.51,Headset,1072,loja
117,2025-03-03,219.92,Mouse,1003,loja
118,2025-08-04,386.6,Teclado,1112,app
119,2025-10-20,225.7,Monitor,1045,marketplace
120,2025-04-09,70.42,Notebook,1017,app
121,2025-06-21,138.19,Notebook,1042,app
122,2025-12-26,194.72,Cadeira,1160,site
123,2025-08-02,233.42,Teclado,1092,loja
124,2025-02-04,322.55,Monitor,1102,loja
125,2025-08-15,234.74,Notebook,1123,app
126,2025-04-11,31.14,Mouse,1009,site
127,2025-05-11,78.45,Notebook,1072,site
128,2025-09-14,337.46,Monitor,1186,site
129,2025-01-05,190.8,Headset,1030,marketplace
130,2025-08-06,249.27,Headset,1155,app
131,2025-09-12,173.15,Cadeira,1059,marketplace
132,2025-12-25,137.73,Teclado,1130,site
133,2025-10-10,177.98,Monitor,1117,site
134,2025-07-26,251.37,Cadeira,1182,site
135,2025-01-15,224.5,Webcam,1013,loja
136,2025-12-12,418.53,Notebook,1185,app
137,2025-02-11,58.1,Webcam,1142,loja
138,2025-06-28,66.33,Notebook,1001,marketplace
139,2025-03-04,189.13,Headset,1023,loja
140,2025-12-18,325.02,Cadeira,1063,app
141,2025-08-19,372.94,Headset,1198,loja
142,2025-08-29,142.15,Mouse,1099,site
143,2025-02-21,11.15,Webcam,1113,marketplace
144,2025-04-06,145.85,Webcam,1023,marketplace
145,2025-08-10,294.57,Headset,1154,site
146,2025-08-19,221.5,Mouse,1164,site
147,2025-08-25,333.03,Notebook,1090,site
148,2025-05-23,483.02,Cadeira,1166,app
149,2025-06-20,199.0,Mouse,1190,loja
150,2025-01-29,158.9,Cadeira,1025,marketplace
151,2025-02-05,108.0,Webcam,1064,loja
152,2025-01-13,65.96,Cadeira,1119,site
153,2025-06-09,49.93,Webcam,1003,site
154,2025-11-23,131.24,Mouse,1156,loja
155,2025-07-06,441.41,Webcam,1000,marketplace
156,2025-08-31,354.54,Teclado,1049,app
157,2025-03-27,153.15,Webcam,1109,loja
158,2025-10-11,796.51,Headset,1138,site
159,2025-03-07,138.65,Mouse,1073,site
160,2025-06-19,512.38,Notebook,1186,app
161,2025-02-14,589.93,Cadeira,1061,loja
162,2025-03-03,308.19,Monitor,1080,app
163,2025-05-14,130.25,Mouse,1163,app
164,2025-10-11,169.28,Headset,1055,marketplace
165,2025-01-28,255.66,Webcam,1110,marketplace
166,2025-04-18,67.77,Cadeira,1020,site
167,2025-02-13,99.48,Teclado,1140,loja
168,2025-12-06,92.47,Notebook,1008,marketplace
169,2025-10-13,324.01,Teclado,1138,site
170,2025-11-27,480.06,Monitor,1069,loja
171,2025-05-08,363.76,Mouse,1128,site
172,2025-12-14,430.2,Cadeira,1117,marketplace
173,2025-08-19,121.42,Mouse,1197,site
174,2025-07-09,175.15,Headset,1055,loja
175,2025-08-13,185.34,Mouse,1030,loja
176,2025-10-10,307.36,Notebook,1036,site
177,2025-05-01,134.19,Monitor,1174,loja
178,2025-04-26,413.15,Teclado,1090,site
179,2025-08-21,579.66,Monitor,1113,loja
180,2025-09-16,318.0,Cadeira,1127,site
181,2025-12-25,169.34,Mouse,1174,site
182,2025-07-17,112.66,Cadeira,1121,site
183,2025-05-17,92.66,Teclado,1068,app
184,2025-11-14,31.54,Cadeira,1185,loja
185,2025-06-14,189.65,Headset,1035,marketplace
186,2025-08-13,181.61,Monitor,1031,site
187,2025-11-03,396.76,Teclado,1063,app
188,2025-08-22,141.36,Teclado,1198,marketplace
189,2025-06-21,197.7,Webcam,1169,site
190,2025-06-01,273.6,Teclado,1047,marketplace
191,2025-11-11,314.52,Webcam,1080,app
192,2025-06-09,367.38,Notebook,1157,marketplace
193,2025-04-06,255.01,Webcam,1148,site
194,2025-08-21,71.56,Monitor,1059,marketplace
195,2025-06-29,296.13,Cadeira,1140,marketplace
196,2025-04-23,133.28,Webcam,1000,site
197,2025-11-14,494.53,Teclado,1064,app
198,2025-02-21,227.51,Monitor,1032,app
199,2025-09-25,265.84,Webcam,1037,marketplace
200,2025-10-22,978.59,Webcam,1024,loja
201,2025-04-23,371.6,Teclado,1153,marketplace
202,2025-04-11,292.48,Headset,1058,loja
203,2025-04-23,202.06,Headset,1160,marketplace
204,2025-03-22,77.26,Webcam,1100,app
205,2025-07-06,191.45,Headset,1126,marketplace
206,2025-04-23,111.49,Mouse,1040,marketplace
207,2025-01-02,624.47,Teclado,1157,loja
208,2025-05-10,295.14,Mouse,1056,app
209,2025-08-08,483.04,Monitor,1176,loja
210,2025-02-23,138.16,Mouse,1047,marketplace
211,2025-12-09,118.38,Monitor,1071,site
212,2025-08-12,347.98,Webcam,1176,marketplace
213,2025-08-13,107.73,Monitor,1174,marketplace
214,2025-05-06,159.66,Monitor,1055,loja
215,2025-05-10,643.19,Cadeira,1064,site
216,2025-02-22,164.66,Mouse,1011,site
217,2025-06-21,62.65,Cadeira,1068,loja
218,2025-08-06,41.57,Webcam,1133,app
219,2025-06-09,55.42,Teclado,1088,site
220,2025-07-17,501.31,Mouse,1192,site
221,2025-09-04,145.16,Teclado,1024,loja
222,2025-11-20,959.66,Teclado,1000,app
223,2025-07-22,583.88,Monitor,1159,app
224,2025-07-03,740.14,Mouse,1130,marketplace
225,2025-05-03,437.34,Teclado,1048,marketplace
226,2025-09-12,335.87,Headset,1146,loja
227,2025-10-21,114.85,Teclado,1059,app
228,2025-10-07,223.45,Headset,1156,loja
229,2025-11-21,358.67,Mouse,1177,marketplace
230,2025-04-08,419.96,Webcam,1001,loja
231,2025-07-17,84.12,Cadeira,1072,loja
232,2025-08-28,193.73,Mouse,1183,site
233,2025-05-24,210.72,Cadeira,1144,site
234,2025-04-07,204.63,Cadeira,1187,site
235,2025-07-20,94.55,Mouse,1109,marketplace
236,2025-05-04,686.22,Teclado,1163,loja
237,2025-07-06,188.88,Notebook,1060,site
238,2025-11-22,100.65,Teclado,1016,site
239,2025-12-15,696.82,Teclado,1048,site
240,2025-09-16,584.24,Webcam,1075,marketplace
241,2025-05-28,247.9,Monitor,1187,marketplace
242,2025-09-09,155.95,Monitor,1147,loja
243,2025-12-12,51.08,Teclado,1177,loja
244,2025-05-27,319.2,Headset,1130,loja
245,2025-05-28,147.52,Webcam,1042,site
246,2025-12-18,219.52,Cadeira,1056,app
247,2025-07-18,658.31,Monitor,1049,marketplace
248,2025-11-04,139.06,Teclado,1195,site
249,2025-05-08,309.98,Webcam,1177,site
250,2025-02-08,374.54,Notebook,1036,loja
251,2025-12-04,491.38,Headset,1045,loja
252,2025-12-26,207.98,Mouse,1169,site
253,2025-05-09,192.24,Teclado,1014,marketplace
254,2025-09-24,188.88,Webcam,1160,marketplace
255,2025-05-31,289.79,Teclado,1079,site
256,2025-10-25,568.67,Cadeira,1138,app
257,2025-04-09,182.42,Headset,1147,app
258,2025-09-20,15.27,Monitor,1023,marketplace
259,2025-09-09,402.45,Monitor,1124,loja
260,2025-05-24,235.16,Monitor,1191,app
261,2025-12-12,319.68,Mouse,1117,app
262,2025-04-22,53.07,Webcam,1079,loja
263,2025-03-01,147.98,Headset,1093,app
264,2025-01-02,381.08,Headset,1064,site
265,2025-10-31,74.87,Monitor,1087,app
266,2025-09-11,309.5,Monitor,1087,loja
267,2025-05-20,218.21,Cadeira,1144,site
268,2025-02-06,123.86,Notebook,1125,app
269,2025-06-09,115.69,Notebook,1088,marketplace
270,2025-01-09,95.32,Teclado,1060,site
271,2025-08-21,234.27,Teclado,1014,site
272,2025-04-09,254.19,Headset,1093,marketplace
273,2025-05-27,169.05,Headset,1050,marketplace
274,2025-10-31,90.19,Mouse,1026,app
275,2025-07-27,303.47,Mouse,1073,app
276,2025-05-11,407.29,Notebook,1060,loja
277,2025-06-01,341.62,Teclado,1185,loja
278,2025-02-23,758.99,Notebook,1030,site
279,2025-04-30,195.33,Notebook,1011,marketplace
280,2025-06-10,533.48,Teclado,1045,marketplace
281,2025-04-26,133.91,Webcam,1158,loja
282,2025-03-16,116.86,Mouse,1031,site
283,2025-04-23,244.72,Cadeira,1159,site
284,2025-04-14,609.9,Cadeira,1180,loja
285,2025-12-06,179.48,Cadeira,1060,loja
286,2025-09-11,53.03,Teclado,1045,loja
287,2025-08-15,402.22,Monitor,1084,app
288,2025-04-22,211.48,Monitor,1079,site
289,2025-04-09,276.64,Monitor,1134,site
290,2025-06-02,121.97,Headset,1003,site
291,2025-12-15,243.09,Mouse,1051,loja
292,2025-12-04,61.26,Mouse,1158,loja
293,2025-07-13,692.88,Webcam,1111,loja
294,2025-11-06,451.83,Webcam,1035,loja
295,2025-06-12,235.31,Headset,1181,marketplace
296,2025-07-27,394.92,Notebook,1053,loja
297,2025-06-18,134.19,Webcam,1118,app
298,2025-06-10,438.85,Cadeira,1126,marketplace
299,2025-03-09,173.47,Monitor,1016,marketplace
300,2025-10-16,164.12,Cadeira,1074,loja
301,2025-10-04,101.06,Monitor,1157,site
302,2025-10-31,300.87,Cadeira,1104,loja
303,2025-05-15,227.99,Notebook,1149,site
304,2025-07-14,544.47,Cadeira,1116,loja
305,2025-05-08,91.07,Cadeira,1042,loja
306,2025-02-02,301.81,Teclado,1111,site
307,2025-06-25,480.51,Cadeira,1114,site
308,2025-01-22,257.4,Teclado,1026,site
309,2025-08-26,170.94,Mouse,1036,site
310,2025-06-07,252.77,Headset,1045,app
311,2025-02-07,516.91,Cadeira,1112,site
312,2025-08-18,516.77,Mouse,1034,loja
313,2025-12-31,205.19,Webcam,1131,loja
314,2025-02-20,511.03,Webcam,1079,app
315,2025-09-21,220.27,Teclado,1079,site
316,2025-10-10,392.02,Cadeira,1153,loja
317,2025-01-27,326.13,Cadeira,1120,app
318,2025-08-14,165.71,Notebook,1146,loja
319,2025-10-04,104.25,Mouse,1121,app
320,2025-10-13,488.68,Monitor,1080,app
321,2025-04-07,577.45,Monitor,1172,marketplace
322,2025-10-11,296.93,Notebook,1153,marketplace
323,2025-11-13,220.06,Teclado,1149,site
324,2025-10-31,80.97,Monitor,1118,marketplace
325,2025-05-27,480.59,Monitor,1057,app
326,2025-01-04,273.73,Webcam,1062,loja
327,2025-02-04,184.18,Webcam,1155,loja
328,2025-07-11,399.37,Headset,1192,site
329,2025-02-18,67.86,Mouse,1171,marketplace
330,2025-01-17,96.76,Teclado,1099,site
331,2025-06-21,130.24,Cadeira,1170,app
332,2025-08-08,319.26,Mouse,1164,marketplace
333,2025-06-07,254.75,Teclado,1065,site
334,2025-02-15,345.01,Monitor,1144,loja
335,2025-01-06,459.64,Headset,1167,loja
336,2025-04-09,353.35,Mouse,1165,site
337,2025-08-21,702.18,Monitor,1084,site
338,2025-02-06,458.95,Teclado,1188,site
339,2025-10-07,204.84,Mouse,1136,app
340,2025-12-15,147.2,Cadeira,1188,app
341,2025-10-29,209.48,Mouse,1143,loja
342,2025-06-30,361.61,Monitor,1122,app
343,2025-04-05,159.92,Mouse,1001,app
344,2025-04-09,368.27,Cadeira,1105,marketplace
345,2025-07-07,340.8,Headset,1107,app
346,2025-04-26,102.97,Headset,1071,marketplace
347,2025-07-10,453.39,Monitor,1170,app
348,2025-09-10,289.77,Teclado,1125,loja
349,2025-06-10,680.73,Monitor,1169,site
350,2025-09-13,220.83,Headset,1056,loja
351,2025-11-19,177.88,Notebook,1080,app
352,2025-05-08,91.85,Notebook,1194,site
353,2025-01-18,90.58,Mouse,1157,site
354,2025-10-08,418.72,Cadeira,1140,site
355,2025-08-11,637.79,Webcam,1018,marketplace
356,2025-02-23,207.31,Webcam,1006,loja
357,2025-02-27,197.45,Webcam,1136,marketplace
358,2025-11-19,235.68,Mouse,1053,site
359,2025-12-26,473.59,Notebook,1103,loja
360,2025-06-23,103.76,Headset,1085,loja
361,2025-10-07,265.4,Mouse,1081,app
362,2025-04-24,424.94,Webcam,1060,marketplace
363,2025-10-15,316.61,Webcam,1086,marketplace
364,2025-12-08,8.84,Monitor,1001,app
365,2025-05-31,354.53,Webcam,1177,marketplace
366,2025-05-07,318.7,Cadeira,1030,site
367,2025-06-04,533.12,Webcam,1032,site
368,2025-09-30,605.95,Monitor,1079,marketplace
369,2025-04-14,516.14,Webcam,1010,app
370,2025-10-26,236.6,Cadeira,1160,loja
371,2025-09-03,50.63,Headset,1127,marketplace
372,2025-06-25,196.38,Mouse,1134,loja
373,2025-02-08,231.22,Cadeira,1127,app
374,2025-06-19,632.68,Monitor,1030,loja
375,2025-09-04,122.99,Mouse,1175,app
376,2025-01-26,69.8,Mouse,1125,app
377,2025-12-21,160.73,Monitor,1046,site
378,2025-11-02,128.57,Notebook,1180,site
379,2025-01-13,63.49,Webcam,1106,app
380,2025-11-12,210.65,Cadeira,1018,marketplace
381,2025-11-09,237.79,Monitor,1080,site
382,2025-02-05,59.94,Headset,1122,app
383,2025-06-22,177.03,Teclado,1133,loja
384,2025-01-20,121.93,Monitor,1106,loja
385,2025-11-17,243.39,Webcam,1048,marketplace
386,2025-09-21,260.8,Webcam,1072,loja
387,2025-05-22,121.95,Mouse,1049,loja
388,2025-05-23,450.78,Mouse,1080,app
389,2025-04-02,227.51,Monitor,1094,loja
390,2025-12-20,126.77,Teclado,1011,loja
391,2025-11-18,56.2,Monitor,1022,loja
392,2025-10-15,270.71,Teclado,1053,loja
393,2025-08-03,318.19,Teclado,1117,app
394,2025-12-08,153.77,Webcam,1196,loja
395,2025-02-20,248.94,Webcam,1058,marketplace
396,2025-06-02,605.93,Webcam,1163,site
397,2025-07-05,405.56,Headset,1002,marketplace
398,2025-03-04,24.01,Webcam,1057,site
399,2025-07-09,125.57,Cadeira,1182,marketplace
400,2025-05-05,203.16,Mouse,1056,site
401,2025-05-30,236.84,Mouse,1144,site
402,2025-11-10,252.8,Teclado,1166,site
403,2025-02-27,304.55,Mouse,1089,site
404,2025-12-08,208.22,Notebook,1195,app
405,2025-11-01,227.1,Teclado,1054,marketplace
406,2025-06-29,419.42,Mouse,1044,site
407,2025-06-19,274.45,Notebook,1000,marketplace
408,2025-11-22,83.94,Headset,1020,loja
409,2025-09-28,242.27,Mouse,1020,site
410,2025-02-23,203.58,Notebook,1051,marketplace
411,2025-04-11,35.44,Monitor,1081,app
412,2025-09-21,251.24,Cadeira,1170,marketplace
413,2025-02-22,94.23,Monitor,1179,site
414,2025-03-01,423.5,Notebook,1066,loja
415,2025-04-18,301.59,Teclado,1112,marketplace
416,2025-01-05,79.76,Webcam,1043,loja
417,2025-04-13,411.02,Webcam,1159,app
418,2025-07-15,538.64,Webcam,1009,marketplace
419,2025-09-19,185.45,Teclado,1063,marketplace
420,2025-12-31,202.69,Mouse,1068,app
421,2025-12-16,384.96,Webcam,1067,app
422,2025-02-16,513.12,Monitor,1027,app
423,2025-12-21,47.04,Teclado,1180,site
424,2025-11-07,88.52,Teclado,1115,site
425,2025-11-04,163.17,Webcam,1050,marketplace
426,2025-05-24,177.2,Monitor,1180,marketplace
427,2025-09-26,377.68,Headset,1003,marketplace
428,2025-05-04,514.82,Teclado,1078,loja
429,2025-04-16,539.59,Webcam,1016,app
430,2025-06-07,45.84,Cadeira,1107,marketplace
431,2025-05-27,116.15,Notebook,1194,app
432,2025-05-25,140.23,Mouse,1073,site
433,2025-04-30,115.76,Teclado,1174,app
434,2025-11-15,300.97,Cadeira,1183,loja
435,2025-10-02,326.03,Cadeira,1022,loja
436,2025-04-02,225.05,Teclado,1017,app
437,2025-02-27,209.82,Headset,1128,loja
438,2025-12-12,168.65,Notebook,1034,loja
439,2025-08-17,184.19,Mouse,1063,site
440,2025-04-27,601.62,Teclado,1185,marketplace
441,2025-11-14,358.8,Mouse,1058,loja
442,2025-10-06,173.61,Monitor,1000,marketplace
443,2025-05-07,206.86,Cadeira,1130,app
444,2025-05-09,305.71,Cadeira,1066,app
445,2025-02-27,79.74,Teclado,1036,loja
446,2025-05-02,248.26,Teclado,1028,app
447,2025-01-01,345.74,Monitor,1088,site
448,2025-08-27,316.56,Headset,1160,loja
449,2025-10-17,118.08,Teclado,1099,loja
450,2025-04-06,136.85,Cadeira,1188,loja
451,2025-05-06,30.97,Mouse,1121,app
452,2025-04-28,370.36,Notebook,1089,app
453,2025-02-17,765.15,Webcam,1131,loja
454,2025-03-30,104.55,Mouse,1013,marketplace
455,2025-08-25,457.33,Headset,1160,app
456,2025-09-29,722.91,Notebook,1149,app
457,2025-07-08,156.04,Mouse,1175,loja
458,2025-07-11,207.07,Mouse,1130,marketplace
459,2025-03-10,268.23,Monitor,1084,loja
460,2025-10-05,309.76,Webcam,1150,app
461,2025-12-15,278.4,Headset,1195,loja
462,2025-09-04,165.73,Cadeira,1020,loja
463,2025-03-17,342.14,Monitor,1170,loja
464,2025-06-03,168.7,Notebook,1025,marketplace
465,2025-05-24,291.69,Webcam,1040,loja
466,2025-03-27,219.24,Cadeira,1121,app
467,2025-07-04,40.92,Monitor,1037,loja
468,2025-10-12,501.13,Webcam,1087,marketplace
469,2025-08-08,139.85,Headset,1010,site
470,2025-03-10,533.35,Teclado,1028,marketplace
471,2025-02-16,445.58,Teclado,1059,loja
472,2025-04-04,262.63,Notebook,1194,site
473,2025-08-26,320.76,Teclado,1192,loja
474,2025-07-23,347.31,Monitor,1060,marketplace
475,2025-08-06,193.18,Notebook,1146,site
476,2025-12-07,200.1,Cadeira,1173,site
477,2025-02-08,336.09,Headset,1176,loja
478,2025-04-10,220.95,Notebook,1021,loja
479,2025-10-16,166.15,Cadeira,1077,marketplace
480,2025-09-11,119.68,Notebook,1112,loja
481,2025-08-10,297.58,Mouse,1184,site
482,2025-12-23,136.16,Mouse,1122,app
483,2025-01-23,397.23,Notebook,1141,app
484,2025-09-07,419.42,Webcam,1043,marketplace
485,2025-01-10,319.09,Teclado,1143,loja
486,2025-09-03,365.15,Mouse,1096,marketplace
487,2025-11-21,319.73,Webcam,1076,app
488,2025-04-10,382.52,Webcam,1139,app
489,2025-10-17,371.82,Headset,1054,loja
490,2025-06-29,286.7,Cadeira,1050,site
491,2025-08-11,449.25,Monitor,1101,loja
492,2025-09-07,198.31,Mouse,1166,app
493,2025-05-27,122.72,Notebook,1160,site
494,2025-04-06,117.58,Teclado,1160,marketplace
495,2025-09-14,177.21,Monitor,1028,app
496,2025-11-21,34.88,Cadeira,1068,marketplace
497,2025-01-04,260.82,Webcam,1197,site
498,2025-01-16,350.4,Cadeira,1158,marketplace
499,2025-10-07,415.56,Mouse,1079,app
500,2025-12-02,50.29,Cadeira,1030,loja
501,2025-09-04,120.78,Cadeira,1111,marketplace
502,2025-09-15,389.37,Teclado,1045,app
503,2025-06-09,193.7,Webcam,1096,app
504,2025-12-06,345.16,Teclado,1051,site
505,2025-06-01,76.06,Teclado,1137,app
506,2025-06-27,529.33,Notebook,1073,loja
507,2025-06-12,70.64,Cadeira,1040,loja
508,2025-02-02,255.51,Cadeira,1076,marketplace
509,2025-06-28,260.16,Cadeira,1130,marketplace
510,2025-04-11,152.68,Headset,1186,marketplace
511,2025-09-25,311.53,Teclado,1113,marketplace
512,2025-11-19,317.51,Monitor,1051,loja
513,2025-03-06,294.69,Mouse,1161,site
514,2025-06-17,150.49,Webcam,1176,marketplace
515,2025-11-26,128.32,Monitor,1155,site
516,2025-02-12,163.38,Webcam,1086,app
517,2025-02-13,114.41,Notebook,1108,app
518,2025-10-12,462.65,Notebook,1140,marketplace
519,2025-01-12,174.43,Webcam,1068,app
520,2025-04-05,250.42,Cadeira,1119,site
521,2025-10-29,388.33,Monitor,1066,site
522,2025-09-10,109.79,Cadeira,1060,app
523,2025-08-30,67.87,Headset,1187,marketplace
524,2025-02-04,114.74,Notebook,1070,site
525,2025-08-03,269.86,Notebook,1151,site
526,2025-12-03,257.26,Monitor,1190,loja
527,2025-03-31,294.31,Notebook,1188,marketplace
528,2025-09-21,207.5,Headset,1150,loja
529,2025-04-03,14.88,Headset,1029,app
530,2025-03-31,202.7,Headset,1187,app
531,2025-04-25,422.48,Mouse,1145,loja
532,2025-04-15,493.93,Headset,1095,marketplace
533,2025-07-15,238.85,Headset,1055,site
534,2025-11-10,257.93,Mouse,1052,app
535,2025-04-24,340.88,Cadeira,1006,marketplace
536,2025-03-16,485.03,Teclado,1096,marketplace
537,2025-08-05,224.09,Notebook,1196,app
538,2025-10-04,337.73,Headset,1112,app
539,2025-09-06,145.32,Notebook,1124,marketplace
540,2025-06-13,77.55,Monitor,1199,site
541,2025-12-23,157.6,Notebook,1179,loja
542,2025-07-11,556.49,Webcam,1131,app
543,2025-08-15,342.28,Cadeira,1161,loja
544,2025-06-26,84.36,Mouse,1196,marketplace
545,2025-04-09,352.89,Notebook,1160,loja
546,2025-02-05,90.22,Notebook,1120,site
547,2025-04-06,291.55,Notebook,1196,marketplace
548,2025-06-01,106.27,Teclado,1037,site
549,2025-05-31,80.11,Teclado,1121,marketplace
550,2025-07-09,615.67,Monitor,1025,site
551,2025-08-12,174.33,Mouse,1128,marketplace
552,2025-02-06,338.16,Notebook,1003,site
553,2025-09-25,230.78,Notebook,1038,marketplace
554,2025-07-02,96.59,Notebook,1053,site
555,2025-01-13,188.57,Notebook,1160,marketplace
556,2025-10-06,97.33,Teclado,1032,site
557,2025-08-05,898.06,Cadeira,1199,app
558,2025-12-21,378.83,Cadeira,1019,loja
559,2025-12-27,227.7,Monitor,1015,marketplace
560,2025-10-13,326.21,Webcam,1148,site
561,2025-09-30,362.95,Headset,1172,app
562,2025-03-03,363.58,Mouse,1126,marketplace
563,2025-03-25,353.42,Cadeira,1086,marketplace
564,2025-08-05,335.71,Webcam,1081,marketplace
565,2025-12-08,241.12,Notebook,1061,loja
566,2025-07-06,586.03,Cadeira,1030,site
567,2025-01-19,252.11,Monitor,1041,site
568,2025-06-26,232.45,Headset,1011,marketplace
569,2025-04-10,253.64,Cadeira,1064,marketplace
570,2025-08-21,266.42,Monitor,1072,marketplace
571,2025-03-17,50.7,Teclado,1130,app
572,2025-09-22,113.77,Headset,1114,marketplace
573,2025-10-11,207.49,Monitor,1136,loja
574,2025-07-25,48.17,Webcam,1105,site
575,2025-08-11,227.44,Cadeira,1178,loja
576,2025-02-21,263.99,Teclado,1015,marketplace
577,2025-12-05,74.41,Webcam,1077,app
578,2025-05-24,137.38,Monitor,1124,marketplace
579,2025-03-10,506.68,Monitor,1130,marketplace
580,2025-04-09,328.44,Webcam,1151,marketplace
581,2025-01-25,316.02,Cadeira,1140,marketplace
582,2025-02-22,467.75,Headset,1129,marketplace
583,2025-05-31,115.62,Teclado,1198,site
584,2025-05-24,74.61,Notebook,1111,loja
585,2025-02-26,428.0,Mouse,1126,app
586,2025-02-08,211.78,Headset,1020,marketplace
587,2025-04-19,113.08,Teclado,1146,app
588,2025-06-30,50.29,Webcam,1088,site
589,2025-02-11,255.67,Monitor,1046,loja
590,2025-07-05,194.27,Webcam,1149,marketplace
591,2025-08-11,170.36,Teclado,1160,site
592,2025-05-02,21.85,Webcam,1159,site
593,2025-05-13,581.19,Webcam,1191,loja
594,2025-06-12,62.25,Mouse,1084,marketplace
595,2025-08-03,183.06,Cadeira,1166,loja
596,2025-08-09,160.74,Mouse,1127,loja
597,2025-08-23,335.01,Notebook,1071,app
598,2025-11-27,50.87,Notebook,1041,app
599,2025-05-26,308.64,Mouse,1008,loja
600,2025-08-27,256.56,Headset,1024,app
601,2025-03-17,132.05,Headset,1001,site
602,2025-01-09,301.33,Webcam,1018,loja
603,2025-03-15,227.15,Webcam,1019,marketplace
604,2025-09-10,669.16,Monitor,1069,marketplace
605,2025-08-18,194.14,Notebook,1016,site
606,2025-01-07,100.94,Monitor,1123,marketplace
607,2025-06-23,310.72,Notebook,1088,marketplace
608,2025-05-21,176.49,Mouse,1195,loja
609,2025-06-17,223.88,Headset,1093,site
610,2025-06-19,75.18,Webcam,1083,loja
611,2025-10-10,338.45,Headset,1130,site
612,2025-05-02,155.44,Mouse,1086,loja
613,2025-07-13,270.48,Monitor,1050,loja
614,2025-01-05,774.72,Monitor,1081,app
615,2025-01-29,185.89,Teclado,1153,marketplace
616,2025-06-14,369.5,Webcam,1183,site
617,2025-12-05,195.58,Webcam,1191,marketplace
618,2025-05-16,133.51,Webcam,1007,app
619,2025-12-31,517.97,Notebook,1164,site
620,2025-11-17,36.18,Monitor,1120,app
621,2025-12-08,433.11,Mouse,1154,marketplace
622,2025-05-25,31.38,Monitor,1172,loja
623,2025-11-23,404.53,Headset,1003,app
624,2025-08-05,226.35,Notebook,1085,app
625,2025-10-28,101.18,Webcam,1127,loja
626,2025-05-12,163.67,Cadeira,1109,marketplace
627,2025-10-19,356.42,Teclado,1098,app
628,2025-03-11,729.41,Notebook,1036,marketplace
629,2025-09-09,52.96,Headset,1070,loja
630,2025-10-02,106.59,Webcam,1032,site
631,2025-12-30,69.02,Headset,1030,app
632,2025-07-01,194.4,Headset,1182,marketplace
633,2025-06-16,411.63,Webcam,1124,loja
634,2025-04-01,60.37,Headset,1011,loja
635,2025-07-21,222.02,Mouse,1010,app
636,2025-12-12,403.14,Teclado,1087,site
637,2025-01-19,161.85,Cadeira,1071,app
638,2025-02-08,258.23,Headset,1031,marketplace
639,2025-05-06,493.83,Headset,1056,loja
640,2025-06-22,90.29,Monitor,1165,site
641,2025-05-21,40.63,Teclado,1187,marketplace
642,2025-08-30,280.6,Notebook,1085,app
643,2025-08-08,285.97,Teclado,1018,loja
644,2025-05-06,153.24,Teclado,1115,app
645,2025-02-27,130.48,Webcam,1183,site
646,2025-05-28,229.65,Webcam,1013,site
647,2025-11-13,88.85,Webcam,1032,site
648,2025-12-27,88.97,Cadeira,1009,site
649,2025-01-01,354.87,Teclado,1079,site
650,2025-12-14,83.51,Cadeira,1191,app
651,2025-07-09,43.47,Headset,1063,site
652,2025-07-10,130.26,Webcam,1189,site
653,2025-11-08,156.16,Headset,1067,loja
654,2025-04-27,308.62,Webcam,1091,site
655,2025-05-14,139.62,Mouse,1124,loja
656,2025-02-27,547.49,Cadeira,1170,loja
657,2025-02-13,238.28,Cadeira,1079,loja
658,2025-06-22,115.9,Notebook,1058,app
659,2025-06-09,299.84,Monitor,1179,app
660,2025-06-22,541.33,Teclado,1096,marketplace
661,2025-11-13,348.46,Notebook,1018,marketplace
662,2025-10-30,56.89,Cadeira,1148,loja
663,2025-05-29,166.76,Notebook,1021,app
664,2025-03-21,267.58,Mouse,1008,site
665,2025-08-01,338.92,Monitor,1008,marketplace
666,2025-07-22,195.29,Cadeira,1026,app
667,2025-09-09,175.43,Cadeira,1016,site
668,2025-08-17,666.06,Teclado,1171,site
669,2025-06-13,351.88,Webcam,1044,app
670,2025-08-15,300.47,Monitor,1007,marketplace
671,2025-05-27,144.37,Mouse,1145,app
672,2025-01-20,87.71,Headset,1124,marketplace
673,2025-02-16,304.06,Notebook,1122,loja
674,2025-08-21,377.51,Teclado,1032,app
675,2025-11-01,223.08,Cadeira,1000,app
676,2025-01-14,352.5,Headset,1005,marketplace
677,2025-05-23,358.48,Mouse,1040,marketplace
678,2025-01-01,394.04,Monitor,1182,app
679,2025-02-23,55.92,Notebook,1004,site
680,2025-09-16,170.42,Teclado,1186,site
681,2025-05-24,316.52,Cadeira,1079,site
682,2025-01-12,232.26,Cadeira,1017,loja
683,2025-11-26,359.22,Headset,1176,loja
684,2025-08-12,300.35,Headset,1081,marketplace
685,2025-09-29,23.95,Notebook,1064,loja
686,2025-12-24,456.33,Monitor,1082,site
687,2025-06-05,154.31,Mouse,1181,app
688,2025-01-08,110.23,Webcam,1188,loja
689,2025-05-02,446.59,Monitor,1135,loja
690,2025-12-14,341.15,Monitor,1130,site
691,2025-06-13,487.24,Monitor,1024,loja
692,2025-03-31,269.62,Webcam,1068,marketplace
693,2025-05-16,168.75,Notebook,1182,app
694,2025-07-05,248.34,Webcam,1167,site
695,2025-11-12,94.07,Notebook,1081,marketplace
696,2025-06-27,67.37,Webcam,1177,site
697,2025-01-28,135.86,Mouse,1116,marketplace
698,2025-08-08,581.29,Monitor,1094,app
699,2025-12-23,147.14,Notebook,1032,app
700,2025-02-10,44.49,Webcam,1110,marketplace
701,2025-08-16,199.4,Mouse,1145,marketplace
702,2025-07-11,145.6,Webcam,1124,marketplace
703,2025-05-25,461.68,Cadeira,1184,marketplace
704,2025-07-20,555.3,Mouse,1015,marketplace
705,2025-07-31,162.82,Monitor,1079,marketplace
706,2025-08-08,269.44,Teclado,1037,app
707,2025-08-28,285.22,Monitor,1168,marketplace
708,2025-02-15,216.12,Teclado,1134,loja
709,2025-02-04,188.31,Mouse,1077,app
710,2025-09-10,104.07,Cadeira,1180,site
711,2025-03-23,37.18,Cadeira,1062,app
712,2025-09-13,103.55,Notebook,1111,site
713,2025-07-16,210.6,Cadeira,1088,site
714,2025-10-30,60.48,Headset,1159,loja
715,2025-01-10,259.73,Mouse,1037,marketplace
716,2025-11-08,235.56,Notebook,1149,marketplace
717,2025-10-13,145.79,Cadeira,1143,app
718,2025-08-30,182.35,Mouse,1051,marketplace
719,2025-09-08,71.35,Monitor,1028,loja
720,2025-12-31,389.43,Cadeira,1143,app
721,2025-01-05,385.1,Webcam,1075,app
722,2025-04-29,83.56,Teclado,1144,app
723,2025-10-16,85.76,Mouse,1063,marketplace
724,2025-03-06,104.73,Notebook,1090,marketplace
725,2025-05-26,327.13,Monitor,1088,marketplace
726,2025-08-12,284.61,Headset,1012,app
727,2025-08-27,443.32,Monitor,1071,app
728,2025-06-26,475.68,Cadeira,1183,site
729,2025-09-24,55.07,Teclado,1004,site
730,2025-12-07,319.33,Monitor,1011,marketplace
731,2025-10-09,463.53,Headset,1168,app
732,2025-03-04,173.57,Webcam,1002,marketplace
733,2025-08-05,220.16,Notebook,1032,marketplace
734,2025-12-08,196.61,Mouse,1120,site
735,2025-11-11,203.13,Teclado,1049,loja
736,2025-10-10,388.56,Headset,1183,marketplace
737,2025-06-26,650.71,Cadeira,1136,loja
738,2025-04-08,535.4,Cadeira,1177,loja
739,2025-04-15,151.24,Cadeira,1028,app
740,2025-04-09,270.04,Teclado,1038,app
741,2025-11-07,118.51,Monitor,1090,marketplace
742,2025-01-06,128.79,Teclado,1099,site
743,2025-07-16,213.17,Cadeira,1172,site
744,2025-12-17,125.95,Webcam,1016,marketplace
745,2025-05-13,141.72,Headset,1055,marketplace
746,2025-12-24,265.59,Mouse,1045,site
747,2025-09-16,316.32,Mouse,1066,loja
748,2025-01-23,310.64,Teclado,1196,marketplace
749,2025-02-22,312.73,Cadeira,1141,loja
750,2025-06-14,76.19,Notebook,1066,marketplace
751,2025-07-21,120.72,Webcam,1022,marketplace
752,2025-03-24,230.28,Teclado,1093,loja
753,2025-05-25,449.99,Cadeira,1188,loja
754,2025-03-26,878.04,Monitor,1150,site
755,2025-03-19,277.59,Mouse,1154,marketplace
756,2025-01-01,364.35,Mouse,1053,app
757,2025-02-20,68.41,Webcam,1137,app
758,2025-06-22,357.89,Mouse,1076,marketplace
759,2025-07-24,735.21,Notebook,1015,marketplace
760,2025-09-17,120.35,Cadeira,1040,marketplace
761,2025-10-15,145.44,Cadeira,1097,loja
762,2025-02-03,396.55,Webcam,1182,app
763,2025-12-14,228.19,Cadeira,1127,app
764,2025-04-05,33.66,Webcam,1060,app
765,2025-03-13,152.49,Cadeira,1085,marketplace
766,2025-02-08,553.84,Notebook,1117,loja
767,2025-06-03,181.31,Headset,1099,marketplace
768,2025-09-07,181.19,Teclado,1048,site
769,2025-06-11,380.18,Teclado,1179,site
770,2025-04-28,284.51,Cadeira,1001,app
771,2025-09-16,173.95,Monitor,1119,marketplace
772,2025-11-02,137.87,Mouse,1177,site
773,2025-09-25,1138.83,Notebook,1122,site
774,2025-02-23,496.31,Monitor,1085,marketplace
775,2025-08-24,312.65,Monitor,1170,loja
776,2025-08-10,326.24,Cadeira,1076,marketplace
777,2025-09-08,204.05,Notebook,1135,marketplace
778,2025-11-09,282.17,Teclado,1058,loja
779,2025-04-22,188.4,Mouse,1192,app
780,2025-09-12,111.4,Teclado,1011,app
781,2025-10-30,289.81,Monitor,1003,app
782,2025-07-26,176.43,Mouse,1116,loja
783,2025-08-17,300.18,Headset,1094,site
784,2025-12-07,338.95,Monitor,1124,loja
785,2025-03-07,310.97,Teclado,1040,marketplace
786,2025-03-16,103.86,Teclado,1122,loja
787,2025-04-13,162.3,Cadeira,1006,site
788,2025-07-11,179.02,Teclado,1068,site
789,2025-09-09,425.1,Notebook,1068,marketplace
790,2025-08-14,410.84,Monitor,1080,app
791,2025-10-21,126.64,Webcam,1029,site
792,2025-11-02,74.54,Webcam,1072,site
793,2025-04-08,903.91,Mouse,1005,site
794,2025-12-04,302.75,Teclado,1088,marketplace
795,2025-10-13,65.55,Cadeira,1146,site
796,2025-12-01,143.58,Cadeira,1065,app
797,2025-12-13,436.65,Teclado,1009,marketplace
798,2025-11-04,770.5,Notebook,1143,app
799,2025-09-06,692.07,Cadeira,1036,site
800,2025-06-15,294.14,Webcam,1076,site
801,2025-12-01,224.55,Mouse,1076,app
802,2025-01-30,95.5,Monitor,1031,marketplace
803,2025-09-04,238.34,Headset,1046,marketplace
804,2025-04-16,106.94,Notebook,1109,app
805,2025-02-20,163.53,Cadeira,1199,site
806,2025-03-22,396.28,Monitor,1170,loja
807,2025-05-13,187.69,Headset,1119,app
808,2025-10-12,178.37,Teclado,1163,app
809,2025-05-18,215.87,Teclado,1153,app
810,2025-07-03,986.98,Mouse,1009,site
811,2025-11-26,86.68,Headset,1158,marketplace
812,2025-09-30,273.23,Teclado,1096,site
813,2025-12-06,653.73,Teclado,1156,app
814,2025-03-10,215.4,Webcam,1004,site
815,2025-02-03,490.45,Cadeira,1076,site
816,2025-09-19,69.86,Mouse,1000,app
817,2025-02-22,192.34,Monitor,1130,site
818,2025-07-24,116.77,Teclado,1066,loja
819,2025-05-06,213.75,Webcam,1198,site
820,2025-08-23,217.05,Notebook,1162,site
821,2025-02-12,233.65,Notebook,1014,marketplace
822,2025-08-28,393.88,Monitor,1194,marketplace
823,2025-04-21,20.66,Headset,1092,app
824,2025-09-06,138.53,Mouse,1029,app
825,2025-05-31,260.46,Webcam,1102,marketplace
826,2025-07-02,35.7,Cadeira,1081,loja
827,2025-12-02,341.74,Webcam,1074,site
828,2025-04-05,136.44,Notebook,1170,loja
829,2025-01-08,195.09,Notebook,1059,loja
830,2025-12-26,405.61,Monitor,1039,marketplace
831,2025-07-03,504.77,Headset,1192,app
832,2025-10-08,348.7,Headset,1156,site
833,2025-07-14,84.46,Monitor,1073,app
834,2025-12-18,337.21,Webcam,1120,loja
835,2025-07-14,352.41,Notebook,1146,loja
836,2025-06-04,307.65,Webcam,1002,app
837,2025-04-03,557.5,Webcam,1035,app
838,2025-06-09,238.03,Mouse,1042,marketplace
839,2025-03-02,543.95,Notebook,1142,app
840,2025-05-02,541.85,Headset,1168,app
841,2025-02-20,359.01,Cadeira,1114,marketplace
842,2025-10-04,276.23,Webcam,1108,app
843,2025-01-05,308.84,Notebook,1089,loja
844,2025-04-02,634.29,Webcam,1163,app
845,2025-06-19,449.61,Mouse,1083,site
846,2025-11-13,93.78,Teclado,1076,loja
847,2025-01-22,295.78,Notebook,1160,marketplace
848,2025-11-22,111.79,Monitor,1004,loja
849,2025-01-01,133.2,Teclado,1077,marketplace
850,2025-05-13,168.58,Webcam,1090,site
851,2025-08-21,63.55,Monitor,1086,site
852,2025-01-12,105.7,Monitor,1013,loja
853,2025-12-12,576.83,Monitor,1103,app
854,2025-02-15,132.53,Notebook,1195,loja
855,2025-02-03,395.34,Headset,1082,loja
856,2025-03-19,253.37,Webcam,1174,site
857,2025-08-06,327.5,Teclado,1053,marketplace
858,2025-10-28,336.88,Mouse,1131,loja
859,2025-03-14,101.72,Headset,1094,app
860,2025-10-09,393.82,Webcam,1008,site
861,2025-09-06,76.6,Notebook,1052,loja
862,2025-02-16,128.08,Monitor,1076,loja
863,2025-05-01,333.62,Mouse,1059,app
864,2025-08-02,96.0,Webcam,1045,loja
865,2025-08-27,31.71,Teclado,1053,loja
866,2025-02-25,286.35,Webcam,1073,loja
867,2025-12-16,52.93,Headset,1111,loja
868,2025-04-17,354.81,Cadeira,1094,app
869,2025-11-15,178.04,Headset,1164,loja
870,2025-02-17,283.55,Webcam,1022,loja
871,2025-03-02,279.94,Mouse,1026,loja
872,2025-12-03,372.4,Webcam,1069,site
873,2025-01-26,340.17,Webcam,1193,app
874,2025-10-19,95.24,Notebook,1108,site
875,2025-09-14,186.32,Teclado,1188,site
876,2025-01-08,283.32,Mouse,1076,app
877,2025-04-23,550.17,Webcam,1178,site
878,2025-12-21,342.25,Monitor,1049,site
879,2025-09-10,520.16,Teclado,1123,site
880,2025-06-29,293.59,Headset,1018,app
881,2025-07-26,454.7,Mouse,1000,loja
882,2025-10-30,267.41,Headset,1039,marketplace
883,2025-05-07,442.75,Webcam,1159,marketplace
884,2025-02-25,171.18,Headset,1021,app
885,2025-08-02,590.52,Headset,1111,marketplace
886,2025-01-14,316.35,Notebook,1193,app
887,2025-01-28,63.99,Headset,1039,app
888,2025-03-19,289.84,Monitor,1037,marketplace
889,2025-08-04,343.0,Monitor,1047,site
890,2025-12-31,402.74,Teclado,1182,loja
891,2025-06-03,721.41,Webcam,1074,marketplace
892,2025-01-14,150.89,Cadeira,1182,marketplace
893,2025-07-06,724.43,Headset,1178,marketplace
894,2025-11-08,224.61,Headset,1106,marketplace
895,2025-01-07,122.99,Mouse,1187,app
896,2025-01-03,153.48,Notebook,1007,app
897,2025-04-21,329.54,Cadeira,1085,loja
898,2025-08-26,108.5,Teclado,1067,loja
899,2025-12-29,173.42,Cadeira,1074,marketplace
900,2025-08-27,284.95,Headset,1199,marketplace
901,2025-10-01,587.63,Mouse,1136,marketplace
902,2025-10-21,395.21,Webcam,1089,loja
903,2025-08-15,231.21,Notebook,1129,marketplace
904,2025-01-15,328.53,Webcam,1079,site
905,2025-07-11,265.94,Teclado,1094,loja
906,2025-04-29,83.32,Cadeira,1069,site
907,2025-01-28,652.68,Teclado,1089,marketplace
908,2025-07-21,593.54,Headset,1058,app
909,2025-02-08,212.09,Teclado,1146,site
910,2025-09-30,157.81,Webcam,1027,loja
911,2025-08-19,85.06,Mouse,1071,site
912,2025-03-27,342.39,Teclado,1013,loja
913,2025-05-06,343.88,Monitor,1023,marketplace
914,2025-10-27,116.32,Mouse,1111,site
915,2025-01-25,268.12,Cadeira,1043,app
916,2025-05-25,387.21,Notebook,1055,site
917,2025-01-13,149.55,Notebook,1119,app
918,2025-07-31,193.31,Headset,1178,loja
919,2025-01-25,191.92,Headset,1031,marketplace
920,2025-03-09,122.54,Monitor,1177,marketplace
921,2025-03-08,196.25,Cadeira,1168,app
922,2025-08-21,53.95,Webcam,1193,loja
923,2025-04-19,184.57,Notebook,1024,marketplace
924,2025-05-26,186.69,Notebook,1115,loja
925,2025-04-21,214.03,Notebook,1188,app
926,2025-08-16,312.16,Webcam,1065,app
927,2025-04-21,78.98,Notebook,1041,site
928,2025-02-03,92.91,Teclado,1192,marketplace
929,2025-04-21,119.99,Cadeira,1163,marketplace
930,2025-09-21,71.61,Mouse,1075,site
931,2025-08-24,336.4,Mouse,1136,app
932,2025-03-24,144.48,Monitor,1163,app
933,2025-02-11,218.88,Teclado,1037,app
934,2025-04-11,111.71,Notebook,1160,app
935,2025-01-06,170.06,Notebook,1169,loja
936,2025-06-29,277.08,Headset,1060,marketplace
937,2025-10-09,286.38,Headset,1173,marketplace
938,2025-11-16,96.42,Monitor,1088,app
939,2025-08-14,211.04,Notebook,1188,app
940,2025-11-11,113.3,Monitor,1017,app
941,2025-12-31,205.4,Teclado,1069,marketplace
942,2025-08-17,135.12,Mouse,1081,marketplace
943,2025-10-16,678.8,Notebook,1115,app
944,2025-05-30,385.75,Cadeira,1079,loja
945,2025-10-04,294.97,Webcam,1014,site
946,2025-07-17,181.32,Teclado,1175,site
947,2025-03-11,393.1,Notebook,1199,site
948,2025-04-22,215.52,Webcam,1012,marketplace
949,2025-01-04,635.65,Cadeira,1118,marketplace
950,2025-12-16,419.0,Headset,1042,site
951,2025-11-27,169.12,Monitor,1187,site
952,2025-11-14,590.36,Headset,1056,loja
953,2025-12-16,182.01,Mouse,1198,marketplace
954,2025-04-05,703.67,Headset,1016,marketplace
955,2025-06-01,610.31,Notebook,1177,site
956,2025-11-07,276.05,Cadeira,1031,loja
957,2025-05-17,56.0,Headset,1149,loja
958,2025-09-04,261.45,Notebook,1054,site
959,2025-08-31,87.96,Mouse,1184,site
960,2025-01-31,138.39,Webcam,1012,marketplace
961,2025-02-09,146.73,Cadeira,1046,site
962,2025-08-17,87.3,Headset,1086,app
963,2025-02-05,262.14,Monitor,1061,loja
964,2025-08-11,125.71,Monitor,1181,site
965,2025-01-06,188.29,Cadeira,1028,app
966,2025-11-18,147.71,Monitor,1021,loja
967,2025-08-08,313.07,Headset,1064,app
968,2025-03-16,297.89,Headset,1028,app
969,2025-01-04,177.23,Cadeira,1047,site
970,2025-12-01,323.62,Headset,1004,loja
971,2025-05-14,491.95,Webcam,1162,app
972,2025-04-28,26.49,Notebook,1100,marketplace
973,2025-04-04,141.17,Mouse,1070,loja
974,2025-03-03,102.87,Webcam,1173,marketplace
975,2025-07-13,131.39,Webcam,1162,site
976,2025-12-01,20.95,Monitor,1172,marketplace
977,2025-07-22,25.18,Notebook,1140,loja
978,2025-01-26,151.65,Cadeira,1137,app
979,2025-06-22,148.32,Monitor,1065,app
980,2025-10-27,537.42,Notebook,1197,loja
981,2025-05-13,247.97,Headset,1071,app
982,2025-11-22,318.09,Cadeira,1024,marketplace
983,2025-04-28,1681.21,Cadeira,1171,app
984,2025-11-20,26.6,Monitor,1059,app
985,2025-10-02,642.44,Headset,1174,marketplace
986,2025-07-31,216.62,Monitor,1039,marketplace
987,2025-08-13,161.4,Teclado,1006,marketplace
988,2025-01-20,142.96,Notebook,1173,site
989,2025-04-23,282.48,Teclado,1150,marketplace
990,2025-05-20,162.46,Notebook,1045,marketplace
991,2025-02-16,85.11,Mouse,1085,site
992,2025-01-01,147.2,Webcam,1140,app
993,2025-03-31,288.06,Cadeira,1020,marketplace
994,2025-05-22,356.23,Monitor,1000,loja
995,2025-11-16,684.33,Mouse,1122,marketplace
996,2025-02-07,240.47,Mouse,1146,marketplace
997,2025-10-20,510.71,Cadeira,1124,site
998,2025-05-19,193.57,Cadeira,1187,loja
999,2025-12-22,213.64,Notebook,1032,app
1000,2025-11-29,205.48,Teclado,1003,app
1001,2025-09-16,261.08,Headset,1002,loja
1002,2025-06-10,398.85,Notebook,1090,marketplace
1003,2025-06-27,157.31,Headset,1051,site
1004,2025-01-10,107.55,Mouse,1027,loja
1005,2025-09-18,419.96,Headset,1069,loja
1006,2025-05-18,400.51,Teclado,1197,app
1007,2025-06-21,562.59,Notebook,1182,site
1008,2025-01-13,138.85,Cadeira,1056,loja
1009,2025-06-17,188.43,Teclado,1107,site
1010,2025-05-10,430.33,Webcam,1143,marketplace
1011,2025-03-25,155.89,Teclado,1023,app
1012,2025-11-17,346.27,Webcam,1196,marketplace
1013,2025-11-15,194.2,Notebook,1168,site
1014,2025-04-11,281.44,Cadeira,1076,marketplace
1015,2025-11-25,83.6,Teclado,1174,app
1016,2025-09-30,238.26,Webcam,1075,site
1017,2025-09-22,485.61,Cadeira,1068,loja
1018,2025-02-07,377.16,Monitor,1100,marketplace
1019,2025-04-04,101.66,Monitor,1158,app
1020,2025-04-05,649.97,Monitor,1091,loja
1021,2025-11-01,466.54,Headset,1091,app
1022,2025-03-10,87.17,Teclado,1029,site
1023,2025-11-14,147.98,Notebook,1017,site
1024,2025-08-24,91.59,Notebook,1043,marketplace
1025,2025-11-30,286.91,Headset,1154,app
1026,2025-05-17,142.9,Notebook,1098,app
1027,2025-03-17,34.01,Webcam,1153,app
1028,2025-02-04,212.93,Monitor,1120,site
1029,2025-01-01,409.1,Teclado,1114,marketplace
1030,2025-10-23,241.79,Notebook,1059,app
1031,2025-11-16,325.44,Notebook,1145,app
1032,2025-03-01,258.38,Mouse,1055,loja
1033,2025-11-16,366.83,Mouse,1030,app
1034,2025-12-15,274.75,Mouse,1100,marketplace
1035,2025-11-24,204.48,Teclado,1058,loja
1036,2025-09-24,239.66,Monitor,1123,loja
1037,2025-12-27,575.94,Cadeira,1129,loja
1038,2025-08-17,337.93,Monitor,1096,site
1039,2025-09-27,101.37,Monitor,1166,loja
1040,2025-11-12,236.94,Teclado,1188,app
1041,2025-10-13,283.38,Webcam,1106,site
1042,2025-10-18,199.5,Webcam,1190,site
1043,2025-08-01,34.21,Teclado,1017,site
1044,2025-06-14,110.48,Mouse,1144,site
1045,2025-01-05,162.8,Notebook,1166,site
1046,2025-12-05,697.9,Headset,1070,site
1047,2025-03-19,313.51,Headset,1105,site
1048,2025-03-03,54.03,Cadeira,1053,loja
1049,2025-05-12,209.0,Notebook,1093,marketplace
1050,2025-03-30,519.26,Cadeira,1075,app
1051,2025-08-25,141.3,Mouse,1034,app
1052,2025-02-11,441.01,Cadeira,1010,loja
1053,2025-03-30,55.83,Notebook,1060,loja
1054,2025-10-23,6.61,Notebook,1043,site
1055,2025-11-24,484.03,Headset,1120,marketplace
1056,2025-10-22,156.32,Webcam,1067,site
1057,2025-04-14,166.15,Mouse,1024,loja
1058,2025-01-14,256.69,Teclado,1175,site
1059,2025-10-15,306.02,Cadeira,1159,app
1060,2025-06-28,13.59,Headset,1083,app
1061,2025-05-05,132.48,Cadeira,1113,site
1062,2025-12-19,233.81,Cadeira,1131,marketplace
1063,2025-01-23,305.54,Teclado,1165,site
1064,2025-03-04,100.33,Mouse,1190,site
1065,2025-05-23,191.8,Notebook,1174,marketplace
1066,2025-06-02,140.94,Monitor,1000,marketplace
1067,2025-05-25,262.81,Cadeira,1130,marketplace
1068,2025-08-13,472.84,Monitor,1085,app
1069,2025-11-05,173.27,Mouse,1061,site
1070,2025-04-14,65.98,Monitor,1063,loja
1071,2025-04-14,126.66,Cadeira,1144,marketplace
1072,2025-02-08,645.83,Teclado,1125,marketplace
1073,2025-07-17,110.85,Monitor,1104,site
1074,2025-05-14,79.06,Mouse,1061,loja
1075,2025-03-08,165.19,Mouse,1034,site
1076,2025-06-28,209.04,Webcam,1012,site
1077,2025-02-11,147.94,Webcam,1162,marketplace
1078,2025-01-15,56.15,Teclado,1042,marketplace
1079,2025-04-21,280.97,Monitor,1129,app
1080,2025-06-06,263.0,Monitor,1183,loja
1081,2025-10-16,357.85,Webcam,1110,loja
1082,2025-08-19,258.84,Notebook,1127,marketplace
1083,2025-06-06,612.2,Headset,1050,marketplace
1084,2025-02-07,376.64,Mouse,1181,marketplace
1085,2025-04-07,327.46,Notebook,1143,loja
1086,2025-10-16,484.11,Mouse,1145,app
1087,2025-09-11,247.81,Notebook,1134,loja
1088,2025-07-15,194.89,Webcam,1044,marketplace
1089,2025-03-27,278.77,Webcam,1163,marketplace
1090,2025-11-18,32.22,Headset,1168,app
1091,2025-01-10,248.38,Notebook,1041,site
1092,2025-01-05,208.87,Mouse,1134,site
1093,2025-05-03,300.08,Monitor,1014,loja
1094,2025-11-26,441.88,Mouse,1059,site
1095,2025-12-19,333.94,Cadeira,1039,site
1096,2025-04-28,126.94,Webcam,1164,loja
1097,2025-10-21,395.59,Teclado,1193,marketplace
1098,2025-06-08,617.86,Teclado,1111,site
1099,2025-10-30,449.37,Webcam,1182,marketplace
1100,2025-08-16,71.84,Cadeira,1076,loja
1101,2025-12-31,331.56,Teclado,1104,marketplace
1102,2025-08-04,82.41,Webcam,1106,marketplace
1103,2025-07-03,180.71,Teclado,1121,loja
1104,2025-01-15,294.02,Webcam,1079,marketplace
1105,2025-06-06,267.81,Headset,1124,site
1106,2025-05-16,443.68,Monitor,1183,site
1107,2025-09-18,619.78,Monitor,1171,site
1108,2025-06-06,314.57,Mouse,1184,site
1109,2025-02-16,170.28,Cadeira,1133,marketplace
1110,2025-11-20,34.14,Webcam,1031,site
1111,2025-11-28,517.11,Notebook,1107,marketplace
1112,2025-06-22,209.69,Mouse,1113,app
1113,2025-05-10,217.9,Mouse,1145,marketplace
1114,2025-04-05,230.84,Webcam,1067,site
1115,2025-04-25,304.76,Webcam,1126,app
1116,2025-08-31,310.94,Mouse,1134,loja
1117,2025-10-19,182.92,Mouse,1113,marketplace
1118,2025-10-09,208.14,Monitor,1007,site
1119,2025-10-26,138.99,Notebook,1063,site
1120,2025-10-10,126.86,Mouse,1134,site
1121,2025-03-10,126.35,Monitor,1040,loja
1122,2025-05-28,206.34,Mouse,1039,app
1123,2025-01-11,106.81,Teclado,1002,app
1124,2025-09-11,5.51,Mouse,1144,site
1125,2025-11-26,168.0,Webcam,1193,marketplace
1126,2025-12-26,76.21,Cadeira,1109,site
1127,2025-02-07,242.42,Cadeira,1113,site
1128,2025-05-14,138.55,Mouse,1111,marketplace
1129,2025-07-19,307.37,Headset,1179,site
1130,2025-01-23,83.04,Teclado,1149,loja
1131,2025-10-30,42.05,Notebook,1003,site
1132,2025-12-12,208.53,Mouse,1133,loja
1133,2025-10-29,162.49,Notebook,1165,site
1134,2025-12-29,70.01,Teclado,1025,app
1135,2025-08-06,376.84,Mouse,1138,marketplace
1136,2025-05-21,96.59,Headset,1016,app
1137,2025-04-14,121.9,Monitor,1091,site
1138,2025-07-29,424.97,Headset,1030,site
1139,2025-04-21,319.62,Webcam,1162,loja
1140,2025-04-14,87.4,Headset,1143,site
1141,2025-11-12,174.03,Monitor,1106,site
1142,2025-06-20,79.5,Webcam,1145,site
1143,2025-12-22,404.79,Monitor,1110,app
1144,2025-11-20,404.61,Cadeira,1100,loja
1145,2025-05-13,677.79,Monitor,1111,app
1146,2025-10-20,844.96,Mouse,1061,loja
1147,2025-11-24,137.23,Notebook,1111,app
1148,2025-05-07,362.35,Cadeira,1154,site
1149,2025-04-16,35.38,Cadeira,1162,app
1150,2025-04-02,255.75,Notebook,1115,app
1151,2025-10-14,301.24,Cadeira,1172,loja
1152,2025-02-20,101.33,Monitor,1034,loja
1153,2025-01-29,130.33,Headset,1027,app
1154,2025-10-23,406.42,Teclado,1102,loja
1155,2025-10-24,306.42,Monitor,1124,loja
1156,2025-08-02,623.6,Webcam,1101,loja
1157,2025-09-24,578.04,Webcam,1136,marketplace
1158,2025-09-14,47.38,Headset,1142,loja
1159,2025-10-29,148.55,Headset,1020,marketplace
1160,2025-04-11,92.17,Cadeira,1051,marketplace
1161,2025-12-12,372.56,Mouse,1162,loja
1162,2025-04-20,273.82,Mouse,1096,app
1163,2025-07-01,97.94,Cadeira,1050,loja
1164,2025-11-09,111.87,Cadeira,1082,site
1165,2025-01-01,497.69,Notebook,1054,app
1166,2025-11-15,162.23,Notebook,1076,marketplace
1167,2025-02-24,28.98,Teclado,1126,marketplace
1168,2025-05-29,90.31,Teclado,1171,app
1169,2025-11-05,706.24,Teclado,1192,app
1170,2025-05-17,433.1,Teclado,1092,loja
1171,2025-07-21,74.82,Headset,1087,marketplace
1172,2025-11-09,255.67,Headset,1079,site
1173,2025-04-27,415.64,Notebook,1152,loja
1174,2025-06-03,46.69,Mouse,1091,app
1175,2025-10-18,446.28,Cadeira,1046,marketplace
1176,2025-03-04,304.42,Webcam,1183,app
1177,2025-09-01,124.02,Mouse,1037,app
1178,2025-01-25,338.17,Monitor,1138,app
1179,2025-03-31,276.53,Headset,1194,loja
1180,2025-03-16,289.84,Teclado,1014,site
1181,2025-10-21,249.17,Teclado,1000,site
1182,2025-07-29,108.37,Monitor,1134,marketplace
1183,2025-12-13,126.35,Mouse,1000,app
1184,2025-01-17,187.19,Teclado,1048,site
1185,2025-05-08,231.63,Mouse,1095,app
1186,2025-12-30,351.77,Cadeira,1156,marketplace
1187,2025-09-08,716.79,Monitor,1025,app
1188,2025-06-28,264.13,Webcam,1086,site
1189,2025-07-01,347.59,Mouse,1172,app
1190,2025-06-01,401.81,Cadeira,1092,site
1191,2025-01-25,364.25,Mouse,1101,marketplace
1192,2025-06-29,104.86,Mouse,1070,app
1193,2025-07-17,527.82,Teclado,1139,site
1194,2025-12-10,475.84,Notebook,1094,marketplace
1195,2025-06-10,246.75,Headset,1159,app
1196,2025-06-26,110.34,Mouse,1117,marketplace
1197,2025-10-12,228.96,Mouse,1147,site
1198,2025-03-04,53.14,Mouse,1118,app
1199,2025-05-30,571.95,Notebook,1050,app
1200,2025-06-03,136.04,Cadeira,1080,app
1201,2025-06-05,180.02,Webcam,1035,marketplace
1202,2025-02-18,546.34,Webcam,1066,marketplace
1203,2025-12-03,505.36,Monitor,1128,site
1204,2025-03-25,284.12,Teclado,1113,loja
1205,2025-12-27,626.58,Notebook,1154,app
1206,2025-06-26,101.99,Cadeira,1110,app
1207,2025-05-28,284.22,Mouse,1167,site
1208,2025-04-28,102.73,Cadeira,1141,app
1209,2025-12-08,457.29,Notebook,1099,marketplace
1210,2025-03-04,446.96,Notebook,1196,marketplace
1211,2025-07-08,654.59,Notebook,1108,app
1212,2025-12-26,223.95,Monitor,1119,app
1213,2025-02-18,769.6,Headset,1078,marketplace
1214,2025-11-23,95.42,Teclado,1133,app
1215,2025-09-14,215.28,Monitor,1160,marketplace
1216,2025-08-12,98.46,Monitor,1182,loja
1217,2025-05-21,257.72,Headset,1018,loja
1218,2025-08-03,106.07,Monitor,1126,app
1219,2025-07-30,458.1,Notebook,1028,app
1220,2025-11-14,311.28,Notebook,1188,app
1221,2025-02-01,88.41,Cadeira,1197,marketplace
1222,2025-06-07,390.62,Mouse,1023,loja
1223,2025-10-12,598.83,Monitor,1150,loja
1224,2025-11-01,331.92,Mouse,1009,site
1225,2025-10-13,66.4,Teclado,1181,site
1226,2025-05-24,200.45,Webcam,1104,app
1227,2025-01-19,360.85,Notebook,1168,marketplace
1228,2025-01-18,186.52,Cadeira,1176,app
1229,2025-09-14,94.35,Teclado,1144,loja
1230,2025-03-19,492.23,Cadeira,1183,app
1231,2025-06-24,180.53,Webcam,1172,app
1232,2025-07-13,599.07,Webcam,1157,loja
1233,2025-04-23,149.18,Headset,1171,loja
1234,2025-04-24,172.63,Notebook,1054,loja
1235,2025-08-10,140.07,Teclado,1146,loja
1236,2025-06-15,197.93,Headset,1156,site
1237,2025-11-15,307.83,Webcam,1001,marketplace
1238,2025-05-12,98.71,Teclado,1163,marketplace
1239,2025-09-21,83.13,Cadeira,1146,loja
1240,2025-02-24,45.62,Headset,1134,marketplace
1241,2025-12-25,39.83,Headset,1153,marketplace
1242,2025-05-11,67.16,Notebook,1110,marketplace
1243,2025-10-15,148.37,Mouse,1037,marketplace
1244,2025-09-23,254.42,Cadeira,1130,loja
1245,2025-06-11,296.28,Cadeira,1101,app
1246,2025-03-28,246.18,Headset,1193,app
1247,2025-02-24,556.03,Headset,1094,app
1248,2025-10-15,670.13,Notebook,1091,site
1249,2025-06-27,181.19,Mouse,1070,marketplace
1250,2025-12-15,100.16,Cadeira,1170,loja
1251,2025-01-08,799.48,Webcam,1189,loja
1252,2025-11-17,481.38,Monitor,1198,site
1253,2025-11-09,458.63,Monitor,1023,loja
1254,2025-09-04,143.68,Mouse,1166,app
1255,2025-11-19,397.04,Teclado,1067,site
1256,2025-09-12,247.58,Notebook,1127,loja
1257,2025-11-24,212.09,Mouse,1092,site
1258,2025-02-23,211.82,Monitor,1043,site
1259,2025-09-06,317.54,Headset,1132,loja
1260,2025-08-27,567.58,Monitor,1054,app
1261,2025-08-17,840.91,Headset,1157,loja
1262,2025-03-08,164.02,Notebook,1028,marketplace
1263,2025-02-20,257.6,Headset,1153,marketplace
1264,2025-04-07,208.18,Mouse,1153,loja
1265,2025-04-02,303.35,Headset,1036,app
1266,2025-09-21,189.47,Teclado,1114,marketplace
1267,2025-10-18,130.57,Mouse,1180,marketplace
1268,2025-04-06,164.2,Notebook,1157,loja
1269,2025-03-29,145.37,Mouse,1002,loja
1270,2025-03-19,200.75,Teclado,1121,loja
1271,2025-10-15,71.88,Notebook,1042,site
1272,2025-04-30,147.59,Monitor,1006,site
1273,2025-10-29,301.32,Teclado,1124,site
1274,2025-06-14,299.8,Notebook,1048,loja
1275,2025-07-01,268.01,Webcam,1120,app
1276,2025-08-11,536.31,Headset,1072,marketplace
1277,2025-11-07,309.53,Mouse,1040,site
1278,2025-01-07,525.14,Notebook,1105,app
1279,2025-11-26,841.3,Mouse,1076,loja
1280,2025-09-20,403.66,Headset,1181,site
1281,2025-06-10,72.21,Notebook,1126,loja
1282,2025-05-31,275.5,Monitor,1196,app
1283,2025-03-26,247.92,Webcam,1090,site
1284,2025-05-27,598.45,Webcam,1154,site
1285,2025-04-22,206.21,Teclado,1007,site
1286,2025-02-05,116.25,Notebook,1031,site
1287,2025-10-12,154.46,Headset,1063,app
1288,2025-07-07,74.8,Notebook,1137,site
1289,2025-03-23,5.2,Mouse,1012,marketplace
1290,2025-01-02,757.32,Cadeira,1190,marketplace
1291,2025-10-30,227.1,Notebook,1092,loja
1292,2025-07-16,81.58,Webcam,1162,site
1293,2025-01-11,632.9,Webcam,1060,marketplace
1294,2025-08-22,701.27,Webcam,1181,marketplace
1295,2025-07-14,253.99,Monitor,1007,marketplace
1296,2025-04-29,68.55,Notebook,1028,app
1297,2025-01-20,157.44,Teclado,1094,site
1298,2025-09-18,190.03,Notebook,1040,app
1299,2025-10-20,232.68,Cadeira,1157,app
1300,2025-09-13,91.23,Webcam,1148,marketplace
1301,2025-08-10,425.6,Mouse,1010,marketplace
1302,2025-08-14,25.76,Webcam,1001,loja
1303,2025-02-22,471.36,Notebook,1177,site
1304,2025-12-21,536.84,Monitor,1168,site
1305,2025-12-08,169.83,Headset,1193,marketplace
1306,2025-12-30,213.64,Notebook,1130,marketplace
1307,2025-10-07,580.19,Notebook,1079,site
1308,2025-03-22,351.66,Teclado,1178,loja
1309,2025-07-21,174.55,Monitor,1195,marketplace
1310,2025-06-07,190.79,Cadeira,1086,loja
1311,2025-04-30,318.76,Headset,1152,app
1312,2025-02-28,714.64,Webcam,1157,marketplace
1313,2025-08-03,195.29,Mouse,1105,app
1314,2025-05-08,170.46,Notebook,1138,marketplace
1315,2025-08-12,231.5,Cadeira,1016,app
1316,2025-07-28,232.5,Headset,1153,marketplace
1317,2025-04-25,281.23,Mouse,1022,loja
1318,2025-07-28,214.15,Cadeira,1183,loja
1319,2025-01-14,489.69,Monitor,1179,loja
1320,2025-01-09,108.81,Monitor,1047,app
1321,2025-02-09,303.11,Headset,1019,loja
1322,2025-08-25,311.34,Webcam,1001,app
1323,2025-10-08,117.25,Mouse,1087,marketplace
1324,2025-12-25,301.03,Monitor,1030,app
1325,2025-07-20,316.95,Headset,1154,marketplace
1326,2025-09-03,13.46,Monitor,1129,site
1327,2025-10-05,100.05,Monitor,1077,site
1328,2025-08-23,611.34,Cadeira,1003,site
1329,2025-01-04,141.51,Cadeira,1140,app
1330,2025-06-03,81.4,Monitor,1162,site
1331,2025-01-29,37.9,Teclado,1127,site
1332,2025-04-19,92.07,Cadeira,1199,site
1333,2025-04-08,207.47,Mouse,1193,marketplace
1334,2025-08-03,76.08,Headset,1133,loja
1335,2025-10-20,354.77,Headset,1030,app
1336,2025-03-16,115.46,Webcam,1137,site
1337,2025-11-22,282.74,Mouse,1020,marketplace
1338,2025-05-26,556.05,Mouse,1022,loja
1339,2025-05-08,533.95,Mouse,1130,loja
1340,2025-12-07,279.36,Webcam,1159,loja
1341,2025-02-11,86.71,Mouse,1147,marketplace
1342,2025-12-22,218.18,Notebook,1028,site
1343,2025-02-10,285.79,Webcam,1104,loja
1344,2025-02-03,939.63,Headset,1051,marketplace
1345,2025-01-17,37.49,Notebook,1114,marketplace
1346,2025-06-14,218.75,Webcam,1173,app
1347,2025-06-02,346.28,Monitor,1161,marketplace
1348,2025-03-17,244.79,Monitor,1100,loja
1349,2025-03-28,264.37,Headset,1083,loja
1350,2025-04-27,121.43,Monitor,1060,marketplace
1351,2025-12-28,420.73,Mouse,1124,loja
1352,2025-12-08,232.58,Webcam,1199,marketplace
1353,2025-01-27,263.7,Notebook,1070,loja
1354,2025-11-09,450.34,Mouse,1069,app
1355,2025-10-14,178.68,Monitor,1138,site
1356,2025-05-14,515.3,Cadeira,1107,app
1357,2025-08-07,73.63,Notebook,1190,app
1358,2025-06-17,274.42,Mouse,1020,site
1359,2025-04-08,115.15,Webcam,1130,loja
1360,2025-09-25,90.72,Headset,1081,site
1361,2025-08-25,709.4,Mouse,1087,marketplace
1362,2025-11-05,77.37,Cadeira,1110,site
1363,2025-06-22,235.89,Monitor,1009,app
1364,2025-07-09,71.81,Notebook,1154,site
1365,2025-05-02,494.89,Headset,1011,loja
1366,2025-02-15,165.12,Notebook,1006,app
1367,2025-03-05,448.79,Headset,1144,marketplace
1368,2025-05-10,338.36,Webcam,1192,loja
1369,2025-11-06,853.72,Notebook,1191,app
1370,2025-12-29,58.46,Monitor,1113,marketplace
1371,2025-07-12,99.31,Webcam,1025,loja
1372,2025-11-03,433.02,Webcam,1014,marketplace
1373,2025-06-30,283.75,Headset,1032,site
1374,2025-10-19,188.74,Teclado,1061,site
1375,2025-10-09,756.16,Notebook,1046,marketplace
1376,2025-01-29,224.11,Notebook,1094,site
1377,2025-05-29,118.93,Mouse,1034,marketplace
1378,2025-09-24,452.34,Headset,1192,loja
1379,2025-10-23,229.63,Cadeira,1199,app
1380,2025-01-11,242.76,Teclado,1075,marketplace
1381,2025-06-13,357.88,Monitor,1122,app
1382,2025-04-23,367.32,Mouse,1082,app
1383,2025-07-06,98.13,Teclado,1024,marketplace
1384,2025-10-22,180.57,Headset,1056,site
1385,2025-08-20,65.89,Teclado,1031,loja
1386,2025-08-15,286.71,Webcam,1062,app
1387,2025-11-06,701.44,Notebook,1011,loja
1388,2025-04-08,101.76,Webcam,1062,app
1389,2025-02-24,54.32,Notebook,1076,marketplace
1390,2025-04-21,135.45,Mouse,1091,site
1391,2025-06-01,187.5,Headset,1000,loja
1392,2025-09-03,369.5,Headset,1178,app
1393,2025-03-10,172.87,Teclado,1069,marketplace
1394,2025-11-08,290.31,Mouse,1135,marketplace
1395,2025-10-16,152.01,Headset,1195,app
1396,2025-09-07,195.38,Cadeira,1132,app
1397,2025-02-05,115.61,Cadeira,1085,app
1398,2025-08-27,86.5,Webcam,1038,site
1399,2025-05-28,378.43,Notebook,1022,app
1400,2025-08-15,160.49,Teclado,1067,app
1401,2025-09-01,305.12,Monitor,1179,site
1402,2025-12-03,114.07,Notebook,1003,marketplace
1403,2025-12-31,225.18,Mouse,1125,app
1404,2025-07-20,26.51,Headset,1174,loja
1405,2025-06-03,170.0,Notebook,1020,marketplace
1406,2025-03-14,124.58,Monitor,1183,loja
1407,2025-07-20,481.97,Monitor,1104,app
1408,2025-10-23,74.59,Cadeira,1065,site
1409,2025-01-17,201.49,Mouse,1186,site
1410,2025-05-09,284.24,Notebook,1006,site
1411,2025-08-05,438.72,Teclado,1048,app
1412,2025-03-02,399.61,Notebook,1015,app
1413,2025-04-14,213.56,Cadeira,1144,loja
1414,2025-02-11,236.16,Webcam,1083,site
1415,2025-01-25,481.69,Monitor,1086,app
1416,2025-02-08,210.55,Mouse,1097,marketplace
1417,2025-10-18,254.59,Mouse,1074,app
1418,2025-05-11,492.01,Teclado,1033,app
1419,2025-08-17,928.43,Mouse,1160,marketplace
1420,2025-04-18,270.27,Cadeira,1025,site
1421,2025-06-21,323.32,Cadeira,1065,marketplace
1422,2025-04-12,391.74,Cadeira,1124,site
1423,2025-12-20,488.97,Mouse,1062,marketplace
1424,2025-01-12,445.92,Mouse,1086,loja
1425,2025-10-02,142.73,Cadeira,1040,site
1426,2025-04-11,283.08,Mouse,1185,app
1427,2025-02-13,447.95,Mouse,1097,loja
1428,2025-11-01,556.53,Monitor,1123,site
1429,2025-01-17,201.76,Notebook,1078,site
1430,2025-11-26,278.31,Headset,1009,site
1431,2025-02-26,300.97,Mouse,1014,marketplace
1432,2025-11-07,230.53,Headset,1041,site
1433,2025-10-30,273.3,Webcam,1092,app
1434,2025-01-12,1287.37,Headset,1184,site
1435,2025-11-14,195.55,Monitor,1016,app
1436,2025-03-21,207.01,Mouse,1187,app
1437,2025-08-04,48.47,Cadeira,1008,app
1438,2025-12-05,40.22,Headset,1113,loja
1439,2025-09-21,315.74,Mouse,1035,app
1440,2025-05-29,449.15,Teclado,1035,marketplace
1441,2025-03-22,396.17,Webcam,1047,site
1442,2025-08-03,113.8,Cadeira,1050,marketplace
1443,2025-07-17,380.83,Teclado,1096,loja
1444,2025-07-19,204.58,Teclado,1118,site
1445,2025-01-25,168.57,Headset,1094,app
1446,2025-03-30,67.71,Teclado,1069,site
1447,2025-09-25,126.07,Monitor,1073,loja
1448,2025-05-23,320.79,Monitor,1079,loja
1449,2025-02-28,280.99,Headset,1067,marketplace
1450,2025-12-31,252.7,Mouse,1149,site
1451,2025-01-26,23.09,Notebook,1076,site
1452,2025-02-16,254.55,Mouse,1115,site
1453,2025-10-15,141.01,Mouse,1005,marketplace
1454,2025-09-23,282.41,Mouse,1153,loja
1455,2025-01-16,498.59,Mouse,1074,app
1456,2025-07-18,158.26,Cadeira,1087,site
1457,2025-10-09,241.39,Notebook,1002,marketplace
1458,2025-03-27,753.31,Cadeira,1051,marketplace
1459,2025-09-07,272.62,Teclado,1073,app
1460,2025-09-27,220.37,Webcam,1124,loja
1461,2025-12-01,115.4,Mouse,1187,site
1462,2025-04-27,387.9,Webcam,1190,site
1463,2025-01-07,99.12,Monitor,1064,marketplace
1464,2025-05-17,512.88,Headset,1051,loja
1465,2025-06-25,351.61,Headset,1075,site
1466,2025-11-24,145.03,Cadeira,1141,app
1467,2025-11-11,118.7,Cadeira,1088,loja
1468,2025-08-03,121.11,Monitor,1071,loja
1469,2025-03-23,41.03,Mouse,1067,marketplace
1470,2025-08-11,310.55,Webcam,1155,marketplace
1471,2025-04-13,26.94,Webcam,1198,site
1472,2025-09-30,210.18,Notebook,1137,marketplace
1473,2025-01-14,200.25,Teclado,1114,loja
1474,2025-06-08,174.59,Headset,1056,site
1475,2025-06-01,309.09,Teclado,1065,site
1476,2025-04-18,145.32,Notebook,1089,loja
1477,2025-07-07,255.02,Cadeira,1049,site
1478,2025-10-28,512.82,Webcam,1013,app
1479,2025-04-08,334.5,Headset,1015,app
1480,2025-05-11,162.96,Teclado,1181,site
1481,2025-10-20,225.29,Cadeira,1170,marketplace
1482,2025-06-20,174.74,Notebook,1041,app
1483,2025-07-02,198.12,Teclado,1109,site
1484,2025-12-30,260.6,Webcam,1021,app
1485,2025-02-08,64.76,Mouse,1067,marketplace
1486,2025-01-15,50.74,Cadeira,1018,loja
1487,2025-01-04,107.19,Notebook,1065,site
1488,2025-12-15,319.2,Teclado,1166,site
1489,2025-07-29,349.46,Webcam,1072,site
1490,2025-06-10,384.96,Mouse,1146,site
1491,2025-01-16,110.88,Mouse,1143,site
1492,2025-04-18,240.4,Notebook,1053,site
1493,2025-11-07,166.92,Monitor,1152,marketplace
1494,2025-08-15,204.32,Webcam,1111,loja
1495,2025-06-19,164.62,Webcam,1017,marketplace
1496,2025-02-03,271.12,Headset,1150,marketplace
1497,2025-09-08,131.12,Notebook,1116,loja
1498,2025-09-04,476.25,Mouse,1084,marketplace
1499,2025-09-26,479.02,Mouse,1138,app
1500,2025-05-21,312.46,Notebook,1038,marketplace
1501,2025-10-01,440.42,Monitor,1104,site
1502,2025-04-06,62.32,Headset,1067,app
1503,2025-08-15,494.35,Teclado,1024,app
1504,2025-02-08,292.21,Notebook,1190,loja
1505,2025-10-29,137.62,Headset,1157,marketplace
1506,2025-01-29,126.62,Webcam,1172,marketplace
1507,2025-11-14,604.83,Headset,1122,app
1508,2025-09-02,389.08,Cadeira,1120,marketplace
1509,2025-08-24,200.31,Mouse,1060,marketplace
1510,2025-07-04,61.61,Teclado,1099,loja
1511,2025-09-29,510.76,Notebook,1050,app
1512,2025-08-24,87.1,Mouse,1097,site
1513,2025-08-27,169.26,Cadeira,1136,app
1514,2025-09-23,200.1,Cadeira,1001,loja
1515,2025-12-25,125.03,Mouse,1004,loja
1516,2025-12-06,193.47,Monitor,1189,loja
1517,2025-03-06,222.85,Headset,1196,marketplace
1518,2025-06-26,190.48,Notebook,1179,app
1519,2025-01-03,280.58,Notebook,1085,marketplace
1520,2025-05-22,619.2,Notebook,1132,marketplace
1521,2025-06-07,64.64,Mouse,1186,app
1522,2025-11-20,250.87,Webcam,1067,loja
1523,2025-05-26,87.96,Monitor,1008,site
1524,2025-10-20,58.63,Teclado,1092,site
1525,2025-06-02,418.65,Cadeira,1149,app
1526,2025-07-12,266.25,Mouse,1154,app
1527,2025-03-14,54.97,Webcam,1137,loja
1528,2025-11-01,193.34,Teclado,1124,app
1529,2025-12-10,107.44,Cadeira,1060,app
1530,2025-05-20,198.46,Cadeira,1050,loja
1531,2025-07-06,357.88,Monitor,1009,loja
1532,2025-10-20,333.73,Headset,1133,marketplace
1533,2025-03-02,165.54,Notebook,1061,app
1534,2025-07-17,431.62,Teclado,1112,site
1535,2025-10-22,538.93,Mouse,1132,app
1536,2025-11-15,361.86,Teclado,1121,site
1537,2025-10-29,144.63,Headset,1197,site
1538,2025-12-10,203.35,Notebook,1190,site
1539,2025-01-11,606.74,Teclado,1122,marketplace
1540,2025-03-03,175.24,Headset,1183,loja
1541,2025-11-29,334.45,Mouse,1186,loja
1542,2025-08-14,123.62,Monitor,1062,marketplace
1543,2025-06-02,433.61,Webcam,1110,loja
1544,2025-07-18,112.07,Cadeira,1088,marketplace
1545,2025-02-21,209.97,Mouse,1186,app
1546,2025-09-17,326.46,Notebook,1050,marketplace
1547,2025-02-28,686.71,Cadeira,1177,loja
1548,2025-03-13,262.81,Webcam,1131,loja
1549,2025-05-28,183.64,Mouse,1103,app
1550,2025-12-15,173.25,Mouse,1122,marketplace
1551,2025-03-04,421.21,Mouse,1047,app
1552,2025-11-06,308.7,Mouse,1031,site
1553,2025-08-31,353.12,Cadeira,1119,marketplace
1554,2025-11-26,579.52,Notebook,1178,app
1555,2025-04-17,234.0,Webcam,1179,app
1556,2025-08-14,293.89,Headset,1098,loja
1557,2025-11-09,171.45,Teclado,1073,marketplace
1558,2025-08-06,119.71,Monitor,1033,site
1559,2025-08-29,139.69,Webcam,1163,site
1560,2025-09-16,16.22,Teclado,1069,marketplace
1561,2025-09-19,324.21,Teclado,1170,marketplace
1562,2025-01-05,301.79,Monitor,1109,app
1563,2025-09-18,319.55,Webcam,1015,loja
1564,2025-02-23,113.17,Cadeira,1058,loja
1565,2025-02-16,141.65,Notebook,1180,loja
1566,2025-08-03,137.97,Monitor,1018,marketplace
1567,2025-06-26,461.53,Notebook,1094,loja
1568,2025-01-09,255.97,Cadeira,1112,app
1569,2025-04-09,232.18,Teclado,1040,marketplace
1570,2025-01-20,375.18,Notebook,1080,marketplace
1571,2025-08-29,138.35,Cadeira,1174,loja
1572,2025-03-02,288.96,Cadeira,1102,site
1573,2025-06-27,743.48,Headset,1053,site
1574,2025-12-04,509.23,Monitor,1182,app
1575,2025-03-03,285.95,Headset,1094,loja
1576,2025-05-25,238.52,Teclado,1146,loja
1577,2025-08-04,317.67,Monitor,1061,marketplace
1578,2025-01-03,554.94,Teclado,1098,marketplace
1579,2025-06-09,529.89,Headset,1092,loja
1580,2025-08-15,615.01,Webcam,1186,marketplace
1581,2025-09-26,266.23,Cadeira,1064,loja
1582,2025-04-30,26.68,Teclado,1067,app
1583,2025-03-30,710.49,Monitor,1027,marketplace
1584,2025-11-25,119.49,Monitor,1017,loja
1585,2025-03-09,371.09,Teclado,1025,marketplace
1586,2025-12-23,27.36,Monitor,1103,app
1587,2025-04-08,228.7,Cadeira,1146,marketplace
1588,2025-09-24,175.48,Webcam,1054,loja
1589,2025-04-15,615.9,Cadeira,1118,marketplace
1590,2025-11-19,288.48,Monitor,1123,marketplace
1591,2025-05-03,226.97,Teclado,1184,loja
1592,2025-01-29,310.77,Headset,1133,site
1593,2025-05-17,8.82,Monitor,1128,marketplace
1594,2025-07-14,135.79,Monitor,1007,marketplace
1595,2025-08-14,153.1,Monitor,1050,app
1596,2025-11-28,344.71,Monitor,1084,site
1597,2025-06-19,98.21,Teclado,1024,app
1598,2025-01-09,258.18,Headset,1174,loja
1599,2025-02-09,211.29,Headset,1182,loja
1600,2025-01-25,141.84,Notebook,1191,app
1601,2025-09-18,149.39,Monitor,1082,marketplace
1602,2025-08-14,209.87,Monitor,1092,site
1603,2025-05-04,36.9,Notebook,1116,app
1604,2025-02-07,378.6,Headset,1137,app
1605,2025-11-24,118.79,Mouse,1055,loja
1606,2025-09-08,184.05,Cadeira,1011,marketplace
1607,2025-06-25,601.58,Mouse,1160,site
1608,2025-03-31,382.93,Headset,1119,app
1609,2025-02-06,83.31,Webcam,1070,site
1610,2025-11-12,6.5,Monitor,1016,site
1611,2025-06-25,319.89,Mouse,1188,app
1612,2025-10-11,189.61,Teclado,1121,site
1613,2025-03-22,259.28,Teclado,1123,loja
1614,2025-04-24,374.49,Notebook,1009,marketplace
1615,2025-02-09,414.29,Headset,1030,marketplace
1616,2025-10-28,162.6,Headset,1059,marketplace
1617,2025-08-12,207.32,Mouse,1069,loja
1618,2025-11-14,294.87,Monitor,1016,loja
1619,2025-12-15,308.25,Headset,1049,loja
1620,2025-04-25,257.49,Mouse,1036,marketplace
1621,2025-07-05,559.42,Mouse,1189,site
1622,2025-11-19,305.9,Cadeira,1117,loja
1623,2025-02-25,370.81,Cadeira,1199,app
1624,2025-02-09,272.98,Headset,1156,loja
1625,2025-12-20,97.58,Mouse,1159,app
1626,2025-02-09,135.44,Notebook,1079,marketplace
1627,2025-12-13,80.12,Notebook,1010,app
1628,2025-08-25,445.05,Cadeira,1133,loja
1629,2025-10-16,54.65,Headset,1122,loja
1630,2025-09-19,201.07,Monitor,1034,site
1631,2025-08-04,169.58,Webcam,1032,marketplace
1632,2025-05-27,166.17,Notebook,1017,app
1633,2025-12-02,177.54,Notebook,1164,marketplace
1634,2025-06-17,627.33,Cadeira,1012,loja
1635,2025-04-02,34.03,Cadeira,1089,site
1636,2025-12-19,515.07,Headset,1109,loja
1637,2025-02-28,189.2,Cadeira,1191,loja
1638,2025-02-28,396.55,Teclado,1000,loja
1639,2025-10-31,237.34,Webcam,1062,app
1640,2025-06-18,87.85,Mouse,1033,loja
1641,2025-09-26,546.93,Notebook,1102,marketplace
1642,2025-12-29,493.55,Teclado,1009,marketplace
1643,2025-02-14,93.83,Monitor,1127,site
1644,2025-12-11,336.5,Teclado,1006,marketplace
1645,2025-06-30,140.54,Headset,1055,loja
1646,2025-06-19,57.08,Monitor,1079,loja
1647,2025-12-22,119.04,Monitor,1164,marketplace
1648,2025-07-10,526.55,Cadeira,1156,site
1649,2025-06-04,402.97,Teclado,1011,site
1650,2025-07-07,179.14,Headset,1144,marketplace
1651,2025-01-07,528.15,Notebook,1047,app
1652,2025-05-13,469.32,Webcam,1025,app
1653,2025-08-23,119.19,Cadeira,1111,app
1654,2025-02-14,611.49,Teclado,1121,app
1655,2025-11-10,168.29,Notebook,1011,marketplace
1656,2025-09-06,186.52,Teclado,1148,site
1657,2025-01-31,35.05,Cadeira,1041,loja
1658,2025-01-23,138.42,Notebook,1060,loja
1659,2025-06-09,202.23,Cadeira,1057,marketplace
1660,2025-12-29,278.33,Teclado,1181,loja
1661,2025-06-07,88.12,Monitor,1033,app
1662,2025-02-08,123.79,Webcam,1006,site
1663,2025-03-23,620.04,Mouse,1108,marketplace
1664,2025-12-22,449.3,Webcam,1034,site
1665,2025-09-15,503.93,Monitor,1014,marketplace
1666,2025-07-25,214.96,Cadeira,1192,marketplace
1667,2025-03-18,284.1,Webcam,1024,marketplace
1668,2025-01-12,341.56,Cadeira,1058,marketplace
1669,2025-10-22,614.29,Cadeira,1078,site
1670,2025-08-12,55.86,Notebook,1085,loja
1671,2025-01-13,149.76,Headset,1133,marketplace
1672,2025-02-15,266.35,Cadeira,1179,app
1673,2025-06-04,238.42,Webcam,1087,marketplace
1674,2025-04-23,122.5,Webcam,1148,site
1675,2025-08-21,321.89,Webcam,1070,marketplace
1676,2025-01-17,154.49,Monitor,1120,app
1677,2025-12-26,226.11,Mouse,1092,site
1678,2025-08-11,312.24,Cadeira,1095,marketplace
1679,2025-12-20,160.27,Cadeira,1031,app
1680,2025-07-07,380.98,Cadeira,1052,site
1681,2025-12-10,427.76,Notebook,1058,marketplace
1682,2025-12-31,126.37,Cadeira,1068,app
1683,2025-06-12,153.63,Monitor,1189,site
1684,2025-11-22,99.99,Teclado,1131,marketplace
1685,2025-03-15,222.48,Headset,1085,site
1686,2025-08-21,278.19,Webcam,1017,app
1687,2025-08-12,172.36,Cadeira,1080,marketplace
1688,2025-11-15,272.8,Notebook,1113,marketplace
1689,2025-03-01,150.46,Monitor,1183,marketplace
1690,2025-12-01,154.32,Cadeira,1023,app
1691,2025-08-10,288.26,Notebook,1065,loja
1692,2025-02-06,162.4,Teclado,1140,marketplace
1693,2025-10-05,213.81,Mouse,1061,app
1694,2025-07-15,295.36,Cadeira,1053,site
1695,2025-12-18,270.05,Monitor,1142,site
1696,2025-08-30,152.14,Notebook,1196,app
1697,2025-11-20,456.36,Notebook,1130,loja
1698,2025-08-07,4.23,Cadeira,1036,app
1699,2025-07-11,331.3,Notebook,1036,site
1700,2025-01-17,266.37,Mouse,1130,site
1701,2025-01-12,88.59,Notebook,1190,marketplace
1702,2025-07-12,242.62,Webcam,1034,loja
1703,2025-01-22,136.21,Headset,1179,app
1704,2025-04-30,315.16,Webcam,1123,site
1705,2025-07-29,6.26,Headset,1155,site
1706,2025-11-02,184.55,Notebook,1017,site
1707,2025-09-27,146.86,Cadeira,1121,app
1708,2025-07-11,381.92,Headset,1163,app
1709,2025-06-24,36.53,Monitor,1160,loja
1710,2025-10-12,231.54,Headset,1191,marketplace
1711,2025-07-23,328.58,Webcam,1153,marketplace
1712,2025-06-13,687.1,Notebook,1047,marketplace
1713,2025-09-08,153.93,Cadeira,1167,site
1714,2025-08-15,281.52,Teclado,1016,marketplace
1715,2025-01-07,39.32,Cadeira,1167,site
1716,2025-01-29,223.09,Cadeira,1134,loja
1717,2025-02-02,478.1,Cadeira,1056,site
1718,2025-05-14,691.33,Monitor,1007,loja
1719,2025-03-20,300.1,Mouse,1127,loja
1720,2025-02-27,52.55,Webcam,1116,marketplace
1721,2025-01-26,527.85,Notebook,1055,marketplace
1722,2025-08-14,53.04,Mouse,1125,site
1723,2025-10-12,80.93,Teclado,1158,app
1724,2025-01-04,556.73,Mouse,1058,marketplace
1725,2025-04-09,211.42,Notebook,1057,marketplace
1726,2025-02-08,140.54,Webcam,1139,app
1727,2025-09-28,359.19,Webcam,1175,app
1728,2025-10-12,252.03,Notebook,1158,marketplace
1729,2025-06-06,450.6,Teclado,1107,app
1730,2025-03-16,260.35,Notebook,1190,site
1731,2025-10-15,264.57,Teclado,1073,loja
1732,2025-05-10,440.26,Teclado,1166,loja
1733,2025-06-24,209.3,Notebook,1147,marketplace
1734,2025-03-25,107.7,Headset,1100,marketplace
1735,2025-01-22,373.02,Webcam,1047,site
1736,2025-01-27,179.49,Teclado,1070,app
1737,2025-07-14,275.16,Notebook,1115,marketplace
1738,2025-12-03,30.27,Headset,1181,loja
1739,2025-08-24,203.03,Webcam,1121,site
1740,2025-04-02,148.64,Teclado,1077,site
1741,2025-01-21,29.15,Webcam,1198,app
1742,2025-10-30,207.8,Headset,1028,marketplace
1743,2025-12-23,213.02,Webcam,1092,marketplace
1744,2025-03-25,289.13,Monitor,1072,site
1745,2025-09-19,472.92,Cadeira,1099,loja
1746,2025-05-27,424.42,Monitor,1175,marketplace
1747,2025-09-14,157.04,Headset,1073,loja
1748,2025-02-27,255.84,Teclado,1183,site
1749,2025-01-15,318.16,Notebook,1094,marketplace
1750,2025-06-11,160.6,Mouse,1016,loja
1751,2025-06-12,58.15,Notebook,1136,site
1752,2025-11-16,191.53,Webcam,1096,loja
1753,2025-10-08,485.78,Mouse,1161,marketplace
1754,2025-10-07,55.32,Mouse,1172,app
1755,2025-01-12,98.24,Webcam,1008,loja
1756,2025-10-01,117.57,Webcam,1134,app
1757,2025-09-28,99.24,Teclado,1143,marketplace
1758,2025-07-27,360.25,Headset,1018,app
1759,2025-01-27,135.77,Notebook,1133,site
1760,2025-03-13,366.71,Headset,1113,app
1761,2025-03-01,231.35,Monitor,1138,loja
1762,2025-05-25,42.38,Teclado,1124,loja
1763,2025-04-03,163.37,Teclado,1060,app
1764,2025-11-05,432.71,Monitor,1041,site
1765,2025-01-08,250.3,Notebook,1012,marketplace
1766,2025-03-20,173.23,Cadeira,1139,app
1767,2025-01-27,489.54,Monitor,1084,loja
1768,2025-06-23,89.79,Notebook,1019,loja
1769,2025-02-19,139.86,Mouse,1049,app
1770,2025-07-18,406.46,Webcam,1163,app
1771,2025-12-15,355.31,Teclado,1091,app
1772,2025-06-30,83.1,Notebook,1087,marketplace
1773,2025-01-24,310.85,Headset,1068,loja
1774,2025-11-12,133.95,Webcam,1036,loja
1775,2025-02-15,27.43,Headset,1139,loja
1776,2025-01-15,175.89,Webcam,1098,marketplace
1777,2025-06-02,719.33,Teclado,1124,site
1778,2025-08-10,437.61,Monitor,1167,loja
1779,2025-07-25,216.32,Cadeira,1053,loja
1780,2025-09-30,51.85,Monitor,1129,site
1781,2025-08-24,28.54,Notebook,1177,marketplace
1782,2025-12-06,231.88,Monitor,1040,site
1783,2025-08-16,297.02,Teclado,1044,site
1784,2025-01-09,363.06,Notebook,1102,site
1785,2025-06-15,335.63,Mouse,1105,site
1786,2025-11-15,355.05,Monitor,1136,marketplace
1787,2025-08-02,272.48,Monitor,1189,marketplace
1788,2025-04-27,482.73,Cadeira,1127,site
1789,2025-12-10,148.4,Notebook,1085,app
1790,2025-03-13,229.36,Headset,1046,app
1791,2025-03-05,42.57,Monitor,1004,app
1792,2025-07-24,145.87,Teclado,1000,app
1793,2025-07-28,429.8,Monitor,1043,loja
1794,2025-03-13,347.48,Cadeira,1149,marketplace
1795,2025-10-04,16.76,Mouse,1037,marketplace
1796,2025-10-01,753.3,Cadeira,1018,site
1797,2025-11-16,250.76,Monitor,1158,loja
1798,2025-12-04,254.15,Headset,1114,site
1799,2025-04-05,138.44,Webcam,1194,site
1800,2025-06-15,164.03,Monitor,1086,marketplace
1801,2025-02-01,248.77,Notebook,1169,loja
1802,2025-01-11,334.32,Monitor,1122,app
1803,2025-10-28,281.49,Headset,1081,marketplace
1804,2025-08-05,147.52,Notebook,1153,loja
1805,2025-10-16,106.41,Teclado,1140,loja
1806,2025-04-12,100.19,Notebook,1057,marketplace
1807,2025-09-24,451.84,Cadeira,1145,marketplace
1808,2025-08-02,416.85,Mouse,1066,site
1809,2025-06-28,313.77,Cadeira,1121,site
1810,2025-03-29,449.71,Webcam,1086,site
1811,2025-02-10,204.1,Notebook,1130,app
1812,2025-03-17,393.51,Teclado,1054,marketplace
1813,2025-02-15,324.9,Monitor,1088,loja
1814,2025-06-09,400.54,Notebook,1057,marketplace
1815,2025-03-21,91.42,Cadeira,1062,loja
1816,2025-11-06,13.34,Notebook,1090,app
1817,2025-03-27,269.77,Notebook,1051,marketplace
1818,2025-04-02,171.26,Notebook,1125,loja
1819,2025-05-28,21.63,Teclado,1023,loja
1820,2025-06-10,499.3,Headset,1071,site
1821,2025-07-21,417.62,Headset,1008,app
1822,2025-08-30,286.49,Notebook,1109,marketplace
1823,2025-12-19,112.13,Teclado,1164,site
1824,2025-01-02,40.5,Teclado,1093,app
1825,2025-08-13,21.21,Webcam,1116,site
1826,2025-10-16,145.01,Notebook,1082,marketplace
1827,2025-08-21,358.55,Cadeira,1180,loja
1828,2025-03-18,172.67,Cadeira,1079,marketplace
1829,2025-04-26,316.41,Mouse,1151,app
1830,2025-06-03,327.21,Notebook,1148,marketplace
1831,2025-04-13,355.06,Mouse,1099,app
1832,2025-07-13,32.88,Cadeira,1039,site
1833,2025-06-15,120.93,Cadeira,1102,app
1834,2025-12-25,312.42,Notebook,1061,loja
1835,2025-03-31,569.9,Mouse,1197,loja
1836,2025-06-23,470.3,Mouse,1068,loja
1837,2025-05-02,276.23,Notebook,1141,site
1838,2025-05-23,502.74,Webcam,1108,app
1839,2025-04-16,274.75,Mouse,1169,site
1840,2025-11-01,53.77,Webcam,1177,marketplace
1841,2025-12-26,351.02,Monitor,1188,marketplace
1842,2025-11-13,480.84,Cadeira,1003,marketplace
1843,2025-05-03,684.59,Headset,1071,marketplace
1844,2025-01-09,141.73,Webcam,1016,loja
1845,2025-09-19,82.87,Webcam,1113,app
1846,2025-03-14,394.28,Webcam,1084,loja
1847,2025-12-25,299.69,Teclado,1056,app
1848,2025-08-11,281.27,Mouse,1106,app
1849,2025-02-10,507.29,Mouse,1047,site
1850,2025-07-23,393.25,Teclado,1171,marketplace
1851,2025-09-21,319.29,Mouse,1172,app
1852,2025-11-24,156.58,Teclado,1116,marketplace
1853,2025-06-27,372.34,Webcam,1160,marketplace
1854,2025-12-14,79.69,Notebook,1030,marketplace
1855,2025-11-14,274.2,Monitor,1111,loja
1856,2025-03-25,218.48,Webcam,1046,marketplace
1857,2025-11-14,51.07,Monitor,1133,app
1858,2025-04-21,300.3,Cadeira,1107,loja
1859,2025-09-08,141.98,Webcam,1071,marketplace
1860,2025-01-07,295.29,Headset,1070,site
1861,2025-03-25,100.83,Mouse,1161,marketplace
1862,2025-07-27,395.86,Headset,1107,marketplace
1863,2025-11-10,626.9,Notebook,1052,loja
1864,2025-01-22,79.71,Monitor,1141,app
1865,2025-01-03,100.71,Webcam,1015,marketplace
1866,2025-05-07,67.38,Notebook,1170,loja
1867,2025-10-24,190.7,Notebook,1115,loja
1868,2025-07-07,292.14,Mouse,1072,app
1869,2025-12-28,357.34,Notebook,1073,loja
1870,2025-01-14,270.43,Webcam,1080,app
1871,2025-01-12,350.07,Webcam,1011,site
1872,2025-03-28,212.79,Monitor,1127,marketplace
1873,2025-01-12,140.63,Webcam,1069,loja
1874,2025-01-25,102.96,Headset,1146,site
1875,2025-10-28,196.08,Monitor,1040,loja
1876,2025-08-31,105.2,Mouse,1180,loja
1877,2025-05-02,286.1,Monitor,1156,site
1878,2025-05-27,106.69,Teclado,1197,loja
1879,2025-02-24,153.18,Headset,1058,loja
1880,2025-08-26,450.34,Teclado,1088,site
1881,2025-12-22,478.54,Teclado,1191,loja
1882,2025-06-22,468.86,Cadeira,1023,app
1883,2025-08-09,215.41,Webcam,1143,loja
1884,2025-04-29,145.26,Mouse,1179,marketplace
1885,2025-11-05,316.55,Notebook,1079,loja
1886,2025-07-02,108.64,Teclado,1133,marketplace
1887,2025-10-15,369.11,Monitor,1164,marketplace
1888,2025-11-03,134.88,Notebook,1131,loja
1889,2025-10-27,190.0,Monitor,1091,site
1890,2025-03-23,374.58,Monitor,1165,app
1891,2025-07-30,38.44,Notebook,1168,app
1892,2025-05-30,139.61,Notebook,1091,loja
1893,2025-02-06,290.34,Webcam,1080,site
1894,2025-12-18,334.1,Monitor,1141,site
1895,2025-11-08,298.28,Mouse,1070,app
1896,2025-12-27,188.21,Webcam,1178,site
1897,2025-02-28,399.74,Headset,1064,loja
1898,2025-05-11,100.0,Cadeira,1051,loja
1899,2025-07-21,96.27,Headset,1029,site
1900,2025-08-31,288.39,Mouse,1184,loja
1901,2025-02-04,90.37,Webcam,1098,marketplace
1902,2025-04-03,640.57,Cadeira,1157,app
1903,2025-07-26,142.86,Webcam,1097,loja
1904,2025-12-19,394.85,Notebook,1041,site
1905,2025-11-28,76.87,Cadeira,1138,app
1906,2025-11-01,556.38,Monitor,1026,loja
1907,2025-12-16,226.33,Headset,1151,app
1908,2025-08-01,139.76,Cadeira,1166,site
1909,2025-06-08,178.44,Monitor,1071,marketplace
1910,2025-01-24,122.23,Webcam,1017,marketplace
1911,2025-10-20,189.61,Mouse,1076,loja
1912,2025-01-04,81.14,Cadeira,1044,marketplace
1913,2025-08-08,143.38,Monitor,1114,loja
1914,2025-12-30,389.88,Webcam,1086,app
1915,2025-01-20,260.13,Webcam,1139,loja
1916,2025-06-01,98.25,Webcam,1176,loja
1917,2025-02-19,194.53,Mouse,1158,loja
1918,2025-06-26,482.08,Notebook,1091,marketplace
1919,2025-04-06,156.77,Mouse,1021,loja
1920,2025-04-15,89.5,Mouse,1171,site
1921,2025-09-07,325.93,Headset,1091,loja
1922,2025-04-27,23.28,Webcam,1191,app
1923,2025-12-20,181.51,Monitor,1076,site
1924,2025-08-16,509.41,Cadeira,1024,app
1925,2025-03-07,190.43,Headset,1107,app
1926,2025-12-01,415.54,Webcam,1178,app
1927,2025-09-19,88.42,Teclado,1134,site
1928,2025-10-22,184.93,Mouse,1108,site
1929,2025-08-31,172.04,Teclado,1133,marketplace
1930,2025-07-05,314.17,Webcam,1023,site
1931,2025-09-03,235.31,Headset,1018,loja
1932,2025-05-05,553.33,Monitor,1082,app
1933,2025-09-25,150.06,Headset,1114,marketplace
1934,2025-05-11,233.28,Monitor,1008,site
1935,2025-08-25,176.97,Monitor,1111,app
1936,2025-01-18,221.29,Webcam,1163,site
1937,2025-02-09,207.09,Notebook,1101,marketplace
1938,2025-01-21,107.74,Webcam,1167,site
1939,2025-08-13,375.86,Mouse,1151,site
1940,2025-12-21,131.45,Headset,1047,app
1941,2025-10-09,124.04,Monitor,1190,loja
1942,2025-01-08,54.18,Webcam,1068,site
1943,2025-04-10,146.7,Webcam,1180,marketplace
1944,2025-08-28,130.07,Headset,1181,site
1945,2025-03-28,29.33,Headset,1169,site
1946,2025-10-25,189.0,Monitor,1118,loja
1947,2025-01-14,537.63,Cadeira,1044,app
1948,2025-11-30,64.46,Teclado,1124,marketplace
1949,2025-01-02,218.38,Mouse,1013,app
1950,2025-10-20,185.66,Mouse,1156,app
1951,2025-11-21,343.24,Cadeira,1133,app
1952,2025-02-10,360.26,Notebook,1134,site
1953,2025-11-14,795.6,Cadeira,1036,loja
1954,2025-11-12,266.82,Notebook,1052,site
1955,2025-04-21,116.53,Notebook,1017,marketplace
1956,2025-01-14,143.48,Cadeira,1037,loja
1957,2025-08-19,155.27,Mouse,1186,app
1958,2025-03-25,134.41,Teclado,1128,loja
1959,2025-05-10,623.0,Mouse,1195,marketplace
1960,2025-08-19,348.87,Webcam,1043,site
1961,2025-11-22,312.33,Mouse,1046,site
1962,2025-05-25,91.72,Mouse,1034,app
1963,2025-12-11,357.86,Cadeira,1059,site
1964,2025-01-28,458.62,Cadeira,1089,site
1965,2025-03-07,188.18,Webcam,1051,marketplace
1966,2025-06-12,142.16,Webcam,1007,loja
1967,2025-08-17,562.09,Cadeira,1106,site
1968,2025-09-18,127.78,Mouse,1168,marketplace
1969,2025-06-13,117.18,Teclado,1130,marketplace
1970,2025-10-28,101.55,Notebook,1196,app
1971,2025-10-30,210.71,Headset,1141,marketplace
1972,2025-10-14,266.27,Notebook,1095,app
1973,2025-01-10,418.97,Webcam,1025,site
1974,2025-07-14,321.97,Webcam,1110,app
1975,2025-04-28,318.48,Notebook,1197,marketplace
1976,2025-09-27,504.12,Headset,1122,loja
1977,2025-03-21,97.47,Mouse,1185,loja
1978,2025-04-03,60.78,Teclado,1167,site
1979,2025-09-23,332.62,Teclado,1050,site
1980,2025-11-28,203.56,Notebook,1122,loja
1981,2025-12-16,419.95,Headset,1004,app
1982,2025-12-27,217.71,Webcam,1076,site
1983,2025-09-14,138.33,Monitor,1159,marketplace
1984,2025-05-13,335.87,Mouse,1000,site
1985,2025-10-03,237.59,Notebook,1181,app
1986,2025-09-21,217.84,Teclado,1010,site
1987,2025-06-20,888.07,Webcam,1180,marketplace
1988,2025-01-01,479.66,Cadeira,1007,marketplace
1989,2025-11-09,364.64,Cadeira,1152,marketplace
1990,2025-03-05,242.83,Headset,1167,app
1991,2025-10-11,228.32,Headset,1031,app
1992,2025-05-01,177.83,Notebook,1027,marketplace
1993,2025-04-17,260.33,Monitor,1130,marketplace
1994,2025-06-24,153.08,Teclado,1127,app
1995,2025-07-23,80.15,Notebook,1061,app
1996,2025-06-14,215.92,Monitor,1026,app
1997,2025-11-01,275.17,Webcam,1044,loja
1998,2025-04-30,420.6,Headset,1104,app
1999,2025-02-13,117.74,Cadeira,1091,marketplace
2000,2025-11-08,229.62,Mouse,1024,loja
